-- phpMyAdmin SQL Dump
-- version 5.2.1
-- https://www.phpmyadmin.net/
--
-- Хост: mariadb:3306
-- Время создания: Июн 05 2025 г., 07:38
-- Версия сервера: 11.5.2-MariaDB-ubu2404
-- Версия PHP: 8.2.25

SET SQL_MODE = "NO_AUTO_VALUE_ON_ZERO";
START TRANSACTION;
SET time_zone = "+00:00";


/*!40101 SET @OLD_CHARACTER_SET_CLIENT=@@CHARACTER_SET_CLIENT */;
/*!40101 SET @OLD_CHARACTER_SET_RESULTS=@@CHARACTER_SET_RESULTS */;
/*!40101 SET @OLD_COLLATION_CONNECTION=@@COLLATION_CONNECTION */;
/*!40101 SET NAMES utf8mb4 */;

--
-- База данных: `madk`
--

-- --------------------------------------------------------

--
-- Структура таблицы `cache`
--

CREATE TABLE `cache` (
  `key` varchar(255) NOT NULL,
  `value` mediumtext NOT NULL,
  `expiration` int(11) NOT NULL
) ENGINE=InnoDB DEFAULT CHARSET=utf8mb4 COLLATE=utf8mb4_unicode_ci;

--
-- Дамп данных таблицы `cache`
--

INSERT INTO `cache` (`key`, `value`, `expiration`) VALUES
('laravel_cache_6e49a48b7049b5d2a11287848435e0b8', 'i:2;', 1749107269),
('laravel_cache_6e49a48b7049b5d2a11287848435e0b8:timer', 'i:1749107268;', 1749107269),
('laravel_cache_a75f3f172bfb296f2e10cbfc6dfc1883', 'i:1;', 1749107741),
('laravel_cache_a75f3f172bfb296f2e10cbfc6dfc1883:timer', 'i:1749107741;', 1749107741);

-- --------------------------------------------------------

--
-- Структура таблицы `cache_locks`
--

CREATE TABLE `cache_locks` (
  `key` varchar(255) NOT NULL,
  `owner` varchar(255) NOT NULL,
  `expiration` int(11) NOT NULL
) ENGINE=InnoDB DEFAULT CHARSET=utf8mb4 COLLATE=utf8mb4_unicode_ci;

-- --------------------------------------------------------

--
-- Структура таблицы `cars`
--

CREATE TABLE `cars` (
  `id` bigint(20) UNSIGNED NOT NULL,
  `mark_id` bigint(20) UNSIGNED NOT NULL,
  `model_id` bigint(20) UNSIGNED NOT NULL,
  `country_id` bigint(20) UNSIGNED NOT NULL,
  `type_id` bigint(20) UNSIGNED NOT NULL,
  `color_id` bigint(20) UNSIGNED NOT NULL,
  `vin` varchar(20) NOT NULL COMMENT 'VIN',
  `pts` varchar(20) NOT NULL COMMENT 'PTS',
  `date_at` date NOT NULL COMMENT 'дата производства',
  `price` decimal(10,2) NOT NULL COMMENT 'цена',
  `block` bigint(20) UNSIGNED NOT NULL COMMENT 'блок',
  `deleted_at` timestamp NULL DEFAULT NULL,
  `created_at` timestamp NULL DEFAULT NULL,
  `updated_at` timestamp NULL DEFAULT NULL
) ENGINE=InnoDB DEFAULT CHARSET=utf8mb4 COLLATE=utf8mb4_unicode_ci;

--
-- Дамп данных таблицы `cars`
--

INSERT INTO `cars` (`id`, `mark_id`, `model_id`, `country_id`, `type_id`, `color_id`, `vin`, `pts`, `date_at`, `price`, `block`, `deleted_at`, `created_at`, `updated_at`) VALUES
(1, 234, 1681, 32, 1, 3, '7M8LWCX6NGRSFA2VA', '52TP146602', '2022-11-19', 2800000.00, 3, NULL, '2025-06-05 07:03:43', '2025-06-05 07:03:43'),
(2, 20, 231, 5, 10, 1, 'KPN0F80RYDEMR8LEZ', '28TL482495', '2021-01-16', 3600000.00, 11, NULL, '2025-06-05 07:03:43', '2025-06-05 07:03:43'),
(3, 285, 1707, 22, 15, 8, 'PDNNSEF0SXMUA7VHS', '63TB868786', '2021-04-28', 3400000.00, 3, NULL, '2025-06-05 07:03:43', '2025-06-05 07:03:43'),
(4, 97, 294, 13, 2, 1, '2JFNED82BLAJXD725', '94TI799667', '2023-12-26', 3100000.00, 2, NULL, '2025-06-05 07:03:43', '2025-06-05 07:03:43'),
(5, 278, 763, 14, 10, 14, 'PR8UP3BD37RAER3U8', '33TU823333', '2025-05-24', 4700000.00, 4, NULL, '2025-06-05 07:03:43', '2025-06-05 07:03:43'),
(6, 68, 503, 38, 1, 11, 'S254NSZD9RRY909JG', '92TT174896', '2023-03-28', 1000000.00, 6, NULL, '2025-06-05 07:03:43', '2025-06-05 07:03:43'),
(7, 140, 809, 37, 16, 2, 'VR7LJ3JLMGWZZ6KDJ', '53TN747302', '2022-08-18', 3900000.00, 0, NULL, '2025-06-05 07:03:43', '2025-06-05 07:03:43'),
(8, 190, 6, 14, 8, 7, 'HAVRZSCZHP7GPSK5X', '63TN612678', '2020-07-10', 3700000.00, 0, NULL, '2025-06-05 07:03:43', '2025-06-05 07:03:43'),
(9, 264, 942, 5, 1, 8, 'N489PR2EVZDS7RV5K', '86TX598505', '2025-04-23', 3500000.00, 16, NULL, '2025-06-05 07:03:43', '2025-06-05 07:03:43'),
(10, 289, 765, 8, 1, 2, '3DDF0PTS2KLYNJ8XB', '66TV130620', '2020-09-03', 2600000.00, 5, NULL, '2025-06-05 07:03:43', '2025-06-05 07:03:43'),
(11, 229, 895, 26, 4, 14, 'D0LEM67TSMXTKUPEX', '80TU645658', '2024-07-07', 1000000.00, 6, NULL, '2025-06-05 07:03:43', '2025-06-05 07:03:43'),
(12, 242, 2382, 10, 2, 5, 'ZG6B6GX55U52LSJ52', '92TU381961', '2020-11-02', 1400000.00, 15, NULL, '2025-06-05 07:03:43', '2025-06-05 07:03:43'),
(13, 131, 1663, 14, 13, 16, 'KM8ME3RBZLTWZSHMM', '70TE603927', '2024-08-28', 3600000.00, 18, NULL, '2025-06-05 07:03:43', '2025-06-05 07:03:43'),
(14, 117, 1700, 14, 13, 5, 'SRMM6KEGF1562UZH9', '40TX858831', '2022-12-28', 4000000.00, 0, NULL, '2025-06-05 07:03:43', '2025-06-05 07:03:43'),
(15, 284, 248, 7, 12, 4, 'Z60BJ39J7R4RVJFAS', '15TM740151', '2023-01-08', 4500000.00, 7, NULL, '2025-06-05 07:03:43', '2025-06-05 07:03:43'),
(16, 1, 9, 5, 15, 7, '292669478EEE7RTY1', '25TT650671', '2024-02-05', 2500000.00, 0, NULL, '2025-06-05 07:10:21', '2025-06-05 07:10:21');

-- --------------------------------------------------------

--
-- Структура таблицы `car_colors`
--

CREATE TABLE `car_colors` (
  `id` bigint(20) UNSIGNED NOT NULL,
  `color_name` varchar(255) NOT NULL,
  `deleted_at` timestamp NULL DEFAULT NULL,
  `created_at` timestamp NULL DEFAULT NULL,
  `updated_at` timestamp NULL DEFAULT NULL
) ENGINE=InnoDB DEFAULT CHARSET=utf8mb4 COLLATE=utf8mb4_unicode_ci;

--
-- Дамп данных таблицы `car_colors`
--

INSERT INTO `car_colors` (`id`, `color_name`, `deleted_at`, `created_at`, `updated_at`) VALUES
(1, 'белый', NULL, '2025-06-05 07:03:40', '2025-06-05 07:03:40'),
(2, 'бронзовый', NULL, '2025-06-05 07:03:40', '2025-06-05 07:03:40'),
(3, 'голубой', NULL, '2025-06-05 07:03:40', '2025-06-05 07:03:40'),
(4, 'желтый', NULL, '2025-06-05 07:03:40', '2025-06-05 07:03:40'),
(5, 'зеленый', NULL, '2025-06-05 07:03:40', '2025-06-05 07:03:40'),
(6, 'золотой', NULL, '2025-06-05 07:03:40', '2025-06-05 07:03:40'),
(7, 'индиго', NULL, '2025-06-05 07:03:40', '2025-06-05 07:03:40'),
(8, 'коричневый', NULL, '2025-06-05 07:03:40', '2025-06-05 07:03:40'),
(9, 'красный', NULL, '2025-06-05 07:03:40', '2025-06-05 07:03:40'),
(10, 'оранжевый', NULL, '2025-06-05 07:03:40', '2025-06-05 07:03:40'),
(11, 'розовый', NULL, '2025-06-05 07:03:40', '2025-06-05 07:03:40'),
(12, 'серебрянный', NULL, '2025-06-05 07:03:40', '2025-06-05 07:03:40'),
(13, 'серый', NULL, '2025-06-05 07:03:40', '2025-06-05 07:03:40'),
(14, 'синий', NULL, '2025-06-05 07:03:40', '2025-06-05 07:03:40'),
(15, 'сиреневый', NULL, '2025-06-05 07:03:40', '2025-06-05 07:03:40'),
(16, 'фиолетовый', NULL, '2025-06-05 07:03:40', '2025-06-05 07:03:40'),
(17, 'черный', NULL, '2025-06-05 07:03:40', '2025-06-05 07:03:40');

-- --------------------------------------------------------

--
-- Структура таблицы `car_countries`
--

CREATE TABLE `car_countries` (
  `id` bigint(20) UNSIGNED NOT NULL,
  `country_name` varchar(255) NOT NULL,
  `deleted_at` timestamp NULL DEFAULT NULL,
  `created_at` timestamp NULL DEFAULT NULL,
  `updated_at` timestamp NULL DEFAULT NULL
) ENGINE=InnoDB DEFAULT CHARSET=utf8mb4 COLLATE=utf8mb4_unicode_ci;

--
-- Дамп данных таблицы `car_countries`
--

INSERT INTO `car_countries` (`id`, `country_name`, `deleted_at`, `created_at`, `updated_at`) VALUES
(1, 'Австралия', NULL, '2025-06-05 07:03:40', '2025-06-05 07:03:40'),
(2, 'Австрия', NULL, '2025-06-05 07:03:40', '2025-06-05 07:03:40'),
(3, 'Беларусь', NULL, '2025-06-05 07:03:40', '2025-06-05 07:03:40'),
(4, 'Бразилия', NULL, '2025-06-05 07:03:40', '2025-06-05 07:03:40'),
(5, 'Великобритания', NULL, '2025-06-05 07:03:40', '2025-06-05 07:03:40'),
(6, 'Вьетнам', NULL, '2025-06-05 07:03:40', '2025-06-05 07:03:40'),
(7, 'Германия', NULL, '2025-06-05 07:03:40', '2025-06-05 07:03:40'),
(8, 'Дания', NULL, '2025-06-05 07:03:40', '2025-06-05 07:03:40'),
(9, 'Израиль', NULL, '2025-06-05 07:03:40', '2025-06-05 07:03:40'),
(10, 'Индия', NULL, '2025-06-05 07:03:40', '2025-06-05 07:03:40'),
(11, 'Иран', NULL, '2025-06-05 07:03:40', '2025-06-05 07:03:40'),
(12, 'Испания', NULL, '2025-06-05 07:03:40', '2025-06-05 07:03:40'),
(13, 'Италия', NULL, '2025-06-05 07:03:40', '2025-06-05 07:03:40'),
(14, 'Китай', NULL, '2025-06-05 07:03:40', '2025-06-05 07:03:40'),
(15, 'Латвия', NULL, '2025-06-05 07:03:40', '2025-06-05 07:03:40'),
(16, 'Малайзия', NULL, '2025-06-05 07:03:40', '2025-06-05 07:03:40'),
(17, 'Мексика', NULL, '2025-06-05 07:03:40', '2025-06-05 07:03:40'),
(18, 'Нидерланды', NULL, '2025-06-05 07:03:40', '2025-06-05 07:03:40'),
(19, 'Норвегия', NULL, '2025-06-05 07:03:40', '2025-06-05 07:03:40'),
(20, 'Объединённые Арабские Эмираты', NULL, '2025-06-05 07:03:40', '2025-06-05 07:03:40'),
(21, 'Польша', NULL, '2025-06-05 07:03:40', '2025-06-05 07:03:40'),
(22, 'Россия', NULL, '2025-06-05 07:03:40', '2025-06-05 07:03:40'),
(23, 'Румыния', NULL, '2025-06-05 07:03:40', '2025-06-05 07:03:40'),
(24, 'Северная Америка', NULL, '2025-06-05 07:03:40', '2025-06-05 07:03:40'),
(25, 'Сербия', NULL, '2025-06-05 07:03:40', '2025-06-05 07:03:40'),
(26, 'США', NULL, '2025-06-05 07:03:40', '2025-06-05 07:03:40'),
(27, 'Таиланд', NULL, '2025-06-05 07:03:40', '2025-06-05 07:03:40'),
(28, 'Тайвань', NULL, '2025-06-05 07:03:40', '2025-06-05 07:03:40'),
(29, 'Турция', NULL, '2025-06-05 07:03:40', '2025-06-05 07:03:40'),
(30, 'Узбекистан', NULL, '2025-06-05 07:03:40', '2025-06-05 07:03:40'),
(31, 'Украина', NULL, '2025-06-05 07:03:40', '2025-06-05 07:03:40'),
(32, 'Франция', NULL, '2025-06-05 07:03:40', '2025-06-05 07:03:40'),
(33, 'Хорватия', NULL, '2025-06-05 07:03:40', '2025-06-05 07:03:40'),
(34, 'Чехия', NULL, '2025-06-05 07:03:40', '2025-06-05 07:03:40'),
(35, 'Швейцария', NULL, '2025-06-05 07:03:40', '2025-06-05 07:03:40'),
(36, 'Швеция', NULL, '2025-06-05 07:03:40', '2025-06-05 07:03:40'),
(37, 'Южная Корея', NULL, '2025-06-05 07:03:40', '2025-06-05 07:03:40'),
(38, 'Япония', NULL, '2025-06-05 07:03:40', '2025-06-05 07:03:40');

-- --------------------------------------------------------

--
-- Структура таблицы `car_marks`
--

CREATE TABLE `car_marks` (
  `id` bigint(20) UNSIGNED NOT NULL,
  `mark_name` varchar(255) NOT NULL,
  `deleted_at` timestamp NULL DEFAULT NULL,
  `created_at` timestamp NULL DEFAULT NULL,
  `updated_at` timestamp NULL DEFAULT NULL
) ENGINE=InnoDB DEFAULT CHARSET=utf8mb4 COLLATE=utf8mb4_unicode_ci;

--
-- Дамп данных таблицы `car_marks`
--

INSERT INTO `car_marks` (`id`, `mark_name`, `deleted_at`, `created_at`, `updated_at`) VALUES
(1, 'AC', NULL, '2025-06-05 07:03:40', '2025-06-05 07:03:40'),
(2, 'Acura 2', NULL, '2025-06-05 07:03:40', '2025-06-05 07:03:40'),
(3, 'Adler', NULL, '2025-06-05 07:03:40', '2025-06-05 07:03:40'),
(4, 'Aiways', NULL, '2025-06-05 07:03:40', '2025-06-05 07:03:40'),
(5, 'Alfa Romeo', NULL, '2025-06-05 07:03:40', '2025-06-05 07:03:40'),
(6, 'Alpina', NULL, '2025-06-05 07:03:40', '2025-06-05 07:03:40'),
(7, 'Alpine', NULL, '2025-06-05 07:03:40', '2025-06-05 07:03:40'),
(9, 'AMC', NULL, '2025-06-05 07:03:40', '2025-06-05 07:03:40'),
(11, 'Arcfox', NULL, '2025-06-05 07:03:40', '2025-06-05 07:03:40'),
(12, 'Ariel', NULL, '2025-06-05 07:03:40', '2025-06-05 07:03:40'),
(13, 'Aro', NULL, '2025-06-05 07:03:40', '2025-06-05 07:03:40'),
(14, 'Asia', NULL, '2025-06-05 07:03:40', '2025-06-05 07:03:40'),
(15, 'Aston Martin', NULL, '2025-06-05 07:03:40', '2025-06-05 07:03:40'),
(17, 'Audi', NULL, '2025-06-05 07:03:40', '2025-06-05 07:03:40'),
(18, 'Aurus', NULL, '2025-06-05 07:03:40', '2025-06-05 07:03:40'),
(19, 'Austin', NULL, '2025-06-05 07:03:40', '2025-06-05 07:03:40'),
(20, 'Austin Healey', NULL, '2025-06-05 07:03:40', '2025-06-05 07:03:40'),
(23, 'Avatr', NULL, '2025-06-05 07:03:40', '2025-06-05 07:03:40'),
(24, 'BAIC', NULL, '2025-06-05 07:03:40', '2025-06-05 07:03:40'),
(27, 'Baojun', NULL, '2025-06-05 07:03:40', '2025-06-05 07:03:40'),
(28, 'Batmobile', NULL, '2025-06-05 07:03:40', '2025-06-05 07:03:40'),
(29, 'BAW', NULL, '2025-06-05 07:03:40', '2025-06-05 07:03:40'),
(31, 'Bentley', NULL, '2025-06-05 07:03:40', '2025-06-05 07:03:40'),
(35, 'Bitter', NULL, '2025-06-05 07:03:40', '2025-06-05 07:03:40'),
(37, 'BMW', NULL, '2025-06-05 07:03:40', '2025-06-05 07:03:40'),
(38, 'Borgward', NULL, '2025-06-05 07:03:40', '2025-06-05 07:03:40'),
(39, 'Brabus', NULL, '2025-06-05 07:03:40', '2025-06-05 07:03:40'),
(40, 'Brilliance', NULL, '2025-06-05 07:03:40', '2025-06-05 07:03:40'),
(41, 'Bristol', NULL, '2025-06-05 07:03:40', '2025-06-05 07:03:40'),
(42, 'Bufori', NULL, '2025-06-05 07:03:40', '2025-06-05 07:03:40'),
(43, 'Bugatti', NULL, '2025-06-05 07:03:40', '2025-06-05 07:03:40'),
(44, 'Buick', NULL, '2025-06-05 07:03:40', '2025-06-05 07:03:40'),
(45, 'BYD', NULL, '2025-06-05 07:03:40', '2025-06-05 07:03:40'),
(46, 'Byvin', NULL, '2025-06-05 07:03:40', '2025-06-05 07:03:40'),
(47, 'Cadillac', NULL, '2025-06-05 07:03:40', '2025-06-05 07:03:40'),
(50, 'Caterham', NULL, '2025-06-05 07:03:40', '2025-06-05 07:03:40'),
(51, 'Chana', NULL, '2025-06-05 07:03:40', '2025-06-05 07:03:40'),
(52, 'Changan', NULL, '2025-06-05 07:03:40', '2025-06-05 07:03:40'),
(53, 'Changfeng', NULL, '2025-06-05 07:03:40', '2025-06-05 07:03:40'),
(55, 'Chery', NULL, '2025-06-05 07:03:40', '2025-06-05 07:03:40'),
(56, 'Chevrolet', NULL, '2025-06-05 07:03:40', '2025-06-05 07:03:40'),
(57, 'Chrysler', NULL, '2025-06-05 07:03:40', '2025-06-05 07:03:40'),
(58, 'Ciimo (Dongfeng-Honda)', NULL, '2025-06-05 07:03:40', '2025-06-05 07:03:40'),
(59, 'Citroen', NULL, '2025-06-05 07:03:40', '2025-06-05 07:03:40'),
(64, 'Cupra', NULL, '2025-06-05 07:03:40', '2025-06-05 07:03:40'),
(65, 'Dacia', NULL, '2025-06-05 07:03:40', '2025-06-05 07:03:40'),
(66, 'Dadi', NULL, '2025-06-05 07:03:40', '2025-06-05 07:03:40'),
(67, 'Daewoo', NULL, '2025-06-05 07:03:40', '2025-06-05 07:03:40'),
(68, 'Daihatsu', NULL, '2025-06-05 07:03:40', '2025-06-05 07:03:40'),
(69, 'Daimler', NULL, '2025-06-05 07:03:40', '2025-06-05 07:03:40'),
(71, 'Datsun', NULL, '2025-06-05 07:03:40', '2025-06-05 07:03:40'),
(73, 'De Tomaso', NULL, '2025-06-05 07:03:40', '2025-06-05 07:03:40'),
(75, 'Delage', NULL, '2025-06-05 07:03:40', '2025-06-05 07:03:40'),
(77, 'Denza', NULL, '2025-06-05 07:03:40', '2025-06-05 07:03:40'),
(78, 'Derways', NULL, '2025-06-05 07:03:40', '2025-06-05 07:03:40'),
(79, 'DeSoto', NULL, '2025-06-05 07:03:40', '2025-06-05 07:03:40'),
(81, 'Dodge', NULL, '2025-06-05 07:03:40', '2025-06-05 07:03:40'),
(82, 'Dongfeng', NULL, '2025-06-05 07:03:40', '2025-06-05 07:03:40'),
(83, 'Doninvest', NULL, '2025-06-05 07:03:40', '2025-06-05 07:03:40'),
(84, 'Donkervoort', NULL, '2025-06-05 07:03:40', '2025-06-05 07:03:40'),
(85, 'DS', NULL, '2025-06-05 07:03:40', '2025-06-05 07:03:40'),
(86, 'DW Hower', NULL, '2025-06-05 07:03:40', '2025-06-05 07:03:40'),
(87, 'Eagle', NULL, '2025-06-05 07:03:40', '2025-06-05 07:03:40'),
(90, 'Enovate (Enoreve)', NULL, '2025-06-05 07:03:40', '2025-06-05 07:03:40'),
(92, 'Evolute', NULL, '2025-06-05 07:03:40', '2025-06-05 07:03:40'),
(93, 'Excalibur', NULL, '2025-06-05 07:03:40', '2025-06-05 07:03:40'),
(94, 'EXEED', NULL, '2025-06-05 07:03:40', '2025-06-05 07:03:40'),
(96, 'FAW', NULL, '2025-06-05 07:03:40', '2025-06-05 07:03:40'),
(97, 'Ferrari', NULL, '2025-06-05 07:03:40', '2025-06-05 07:03:40'),
(98, 'Fiat', NULL, '2025-06-05 07:03:40', '2025-06-05 07:03:40'),
(99, 'Fisker', NULL, '2025-06-05 07:03:40', '2025-06-05 07:03:40'),
(101, 'Ford', NULL, '2025-06-05 07:03:40', '2025-06-05 07:03:40'),
(102, 'Forthing', NULL, '2025-06-05 07:03:40', '2025-06-05 07:03:40'),
(103, 'Foton', NULL, '2025-06-05 07:03:40', '2025-06-05 07:03:40'),
(104, 'FSO', NULL, '2025-06-05 07:03:40', '2025-06-05 07:03:40'),
(106, 'GAC', NULL, '2025-06-05 07:03:40', '2025-06-05 07:03:40'),
(107, 'GAC Aion', NULL, '2025-06-05 07:03:40', '2025-06-05 07:03:40'),
(108, 'GAC Trumpchi', NULL, '2025-06-05 07:03:40', '2025-06-05 07:03:40'),
(109, 'Geely', NULL, '2025-06-05 07:03:40', '2025-06-05 07:03:40'),
(110, 'Genesis', NULL, '2025-06-05 07:03:40', '2025-06-05 07:03:40'),
(111, 'Geo', NULL, '2025-06-05 07:03:40', '2025-06-05 07:03:40'),
(112, 'GMC', NULL, '2025-06-05 07:03:40', '2025-06-05 07:03:40'),
(113, 'Goggomobil', NULL, '2025-06-05 07:03:40', '2025-06-05 07:03:40'),
(117, 'Great Wall', NULL, '2025-06-05 07:03:40', '2025-06-05 07:03:40'),
(118, 'Hafei', NULL, '2025-06-05 07:03:40', '2025-06-05 07:03:40'),
(119, 'Haima', NULL, '2025-06-05 07:03:40', '2025-06-05 07:03:40'),
(120, 'Hanomag', NULL, '2025-06-05 07:03:40', '2025-06-05 07:03:40'),
(122, 'Haval', NULL, '2025-06-05 07:03:40', '2025-06-05 07:03:40'),
(123, 'Hawtai', NULL, '2025-06-05 07:03:40', '2025-06-05 07:03:40'),
(125, 'Hennessey', NULL, '2025-06-05 07:03:40', '2025-06-05 07:03:40'),
(126, 'Hindustan', NULL, '2025-06-05 07:03:40', '2025-06-05 07:03:40'),
(127, 'HiPhi', NULL, '2025-06-05 07:03:40', '2025-06-05 07:03:40'),
(129, 'Holden', NULL, '2025-06-05 07:03:40', '2025-06-05 07:03:40'),
(130, 'Honda', NULL, '2025-06-05 07:03:40', '2025-06-05 07:03:40'),
(131, 'Hongqi', NULL, '2025-06-05 07:03:40', '2025-06-05 07:03:40'),
(132, 'Horch', NULL, '2025-06-05 07:03:40', '2025-06-05 07:03:40'),
(133, 'Hozon', NULL, '2025-06-05 07:03:40', '2025-06-05 07:03:40'),
(135, 'HuangHai', NULL, '2025-06-05 07:03:40', '2025-06-05 07:03:40'),
(137, 'Hudson', NULL, '2025-06-05 07:03:40', '2025-06-05 07:03:40'),
(138, 'Hummer', NULL, '2025-06-05 07:03:40', '2025-06-05 07:03:40'),
(139, 'Hycan', NULL, '2025-06-05 07:03:40', '2025-06-05 07:03:40'),
(140, 'Hyundai', NULL, '2025-06-05 07:03:40', '2025-06-05 07:03:40'),
(142, 'IM Motors (Zhiji)', NULL, '2025-06-05 07:03:40', '2025-06-05 07:03:40'),
(144, 'Infiniti', NULL, '2025-06-05 07:03:40', '2025-06-05 07:03:40'),
(145, 'Innocenti', NULL, '2025-06-05 07:03:40', '2025-06-05 07:03:40'),
(148, 'Iran Khodro', NULL, '2025-06-05 07:03:40', '2025-06-05 07:03:40'),
(149, 'Isdera', NULL, '2025-06-05 07:03:40', '2025-06-05 07:03:40'),
(150, 'Isuzu', NULL, '2025-06-05 07:03:40', '2025-06-05 07:03:40'),
(152, 'JAC', NULL, '2025-06-05 07:03:40', '2025-06-05 07:03:40'),
(153, 'Jaecoo', NULL, '2025-06-05 07:03:40', '2025-06-05 07:03:40'),
(154, 'Jaguar', NULL, '2025-06-05 07:03:40', '2025-06-05 07:03:40'),
(155, 'Jeep', NULL, '2025-06-05 07:03:40', '2025-06-05 07:03:40'),
(156, 'Jensen', NULL, '2025-06-05 07:03:40', '2025-06-05 07:03:40'),
(157, 'Jetour', NULL, '2025-06-05 07:03:40', '2025-06-05 07:03:40'),
(158, 'Jetta', NULL, '2025-06-05 07:03:40', '2025-06-05 07:03:40'),
(159, 'Jinbei', NULL, '2025-06-05 07:03:40', '2025-06-05 07:03:40'),
(160, 'JMC', NULL, '2025-06-05 07:03:40', '2025-06-05 07:03:40'),
(161, 'JMEV', NULL, '2025-06-05 07:03:40', '2025-06-05 07:03:40'),
(163, 'KAIYI', NULL, '2025-06-05 07:03:40', '2025-06-05 07:03:40'),
(164, 'Karma', NULL, '2025-06-05 07:03:40', '2025-06-05 07:03:40'),
(165, 'Kawei', NULL, '2025-06-05 07:03:40', '2025-06-05 07:03:40'),
(166, 'KG Mobility', NULL, '2025-06-05 07:03:40', '2025-06-05 07:03:40'),
(167, 'Kia', NULL, '2025-06-05 07:03:40', '2025-06-05 07:03:40'),
(168, 'Koenigsegg', NULL, '2025-06-05 07:03:40', '2025-06-05 07:03:40'),
(171, 'Lada (ВАЗ)', NULL, '2025-06-05 07:03:40', '2025-06-05 07:03:40'),
(172, 'Lamborghini', NULL, '2025-06-05 07:03:40', '2025-06-05 07:03:40'),
(173, 'Lancia', NULL, '2025-06-05 07:03:40', '2025-06-05 07:03:40'),
(174, 'Land Rover', NULL, '2025-06-05 07:03:40', '2025-06-05 07:03:40'),
(175, 'Landwind', NULL, '2025-06-05 07:03:40', '2025-06-05 07:03:40'),
(176, 'Leapmotor', NULL, '2025-06-05 07:03:40', '2025-06-05 07:03:40'),
(177, 'Lexus', NULL, '2025-06-05 07:03:40', '2025-06-05 07:03:40'),
(179, 'Lifan', NULL, '2025-06-05 07:03:40', '2025-06-05 07:03:40'),
(181, 'Lincoln', NULL, '2025-06-05 07:03:40', '2025-06-05 07:03:40'),
(182, 'Livan', NULL, '2025-06-05 07:03:40', '2025-06-05 07:03:40'),
(183, 'LiXiang', NULL, '2025-06-05 07:03:40', '2025-06-05 07:03:40'),
(185, 'Lotus', NULL, '2025-06-05 07:03:40', '2025-06-05 07:03:40'),
(189, 'Luxgen', NULL, '2025-06-05 07:03:40', '2025-06-05 07:03:40'),
(190, 'Lynk & Co', NULL, '2025-06-05 07:03:40', '2025-06-05 07:03:40'),
(191, 'Mahindra', NULL, '2025-06-05 07:03:40', '2025-06-05 07:03:40'),
(192, 'Marcos', NULL, '2025-06-05 07:03:40', '2025-06-05 07:03:40'),
(193, 'Marlin', NULL, '2025-06-05 07:03:40', '2025-06-05 07:03:40'),
(194, 'Marussia', NULL, '2025-06-05 07:03:40', '2025-06-05 07:03:40'),
(195, 'Maruti', NULL, '2025-06-05 07:03:40', '2025-06-05 07:03:40'),
(196, 'Maserati', NULL, '2025-06-05 07:03:40', '2025-06-05 07:03:40'),
(198, 'Maxus', NULL, '2025-06-05 07:03:40', '2025-06-05 07:03:40'),
(199, 'Maybach', NULL, '2025-06-05 07:03:40', '2025-06-05 07:03:40'),
(200, 'Mazda', NULL, '2025-06-05 07:03:40', '2025-06-05 07:03:40'),
(201, 'McLaren', NULL, '2025-06-05 07:03:40', '2025-06-05 07:03:40'),
(202, 'Mega', NULL, '2025-06-05 07:03:40', '2025-06-05 07:03:40'),
(203, 'Mercedes-Benz', NULL, '2025-06-05 07:03:40', '2025-06-05 07:03:40'),
(204, 'Mercury', NULL, '2025-06-05 07:03:40', '2025-06-05 07:03:40'),
(206, 'Metrocab', NULL, '2025-06-05 07:03:40', '2025-06-05 07:03:40'),
(207, 'MG', NULL, '2025-06-05 07:03:40', '2025-06-05 07:03:40'),
(209, 'Microcar', NULL, '2025-06-05 07:03:40', '2025-06-05 07:03:40'),
(211, 'Mini', NULL, '2025-06-05 07:03:40', '2025-06-05 07:03:40'),
(212, 'Mitsubishi', NULL, '2025-06-05 07:03:40', '2025-06-05 07:03:40'),
(213, 'Mitsuoka', NULL, '2025-06-05 07:03:40', '2025-06-05 07:03:40'),
(215, 'Morgan', NULL, '2025-06-05 07:03:40', '2025-06-05 07:03:40'),
(216, 'Morris', NULL, '2025-06-05 07:03:40', '2025-06-05 07:03:40'),
(218, 'Nio', NULL, '2025-06-05 07:03:40', '2025-06-05 07:03:40'),
(219, 'Nissan', NULL, '2025-06-05 07:03:40', '2025-06-05 07:03:40'),
(220, 'Noble', NULL, '2025-06-05 07:03:40', '2025-06-05 07:03:40'),
(221, 'Oldsmobile', NULL, '2025-06-05 07:03:40', '2025-06-05 07:03:40'),
(222, 'OMODA', NULL, '2025-06-05 07:03:40', '2025-06-05 07:03:40'),
(223, 'Opel', NULL, '2025-06-05 07:03:40', '2025-06-05 07:03:40'),
(224, 'Ora', NULL, '2025-06-05 07:03:40', '2025-06-05 07:03:40'),
(226, 'Oshan', NULL, '2025-06-05 07:03:40', '2025-06-05 07:03:40'),
(229, 'Packard', NULL, '2025-06-05 07:03:40', '2025-06-05 07:03:40'),
(230, 'Pagani', NULL, '2025-06-05 07:03:40', '2025-06-05 07:03:40'),
(231, 'Panoz', NULL, '2025-06-05 07:03:40', '2025-06-05 07:03:40'),
(232, 'Perodua', NULL, '2025-06-05 07:03:40', '2025-06-05 07:03:40'),
(233, 'Peugeot', NULL, '2025-06-05 07:03:40', '2025-06-05 07:03:40'),
(234, 'PGO', NULL, '2025-06-05 07:03:40', '2025-06-05 07:03:40'),
(237, 'Plymouth', NULL, '2025-06-05 07:03:40', '2025-06-05 07:03:40'),
(239, 'Polestar', NULL, '2025-06-05 07:03:40', '2025-06-05 07:03:40'),
(240, 'Pontiac', NULL, '2025-06-05 07:03:40', '2025-06-05 07:03:40'),
(241, 'Porsche', NULL, '2025-06-05 07:03:40', '2025-06-05 07:03:40'),
(242, 'Premier', NULL, '2025-06-05 07:03:40', '2025-06-05 07:03:40'),
(243, 'Proton', NULL, '2025-06-05 07:03:40', '2025-06-05 07:03:40'),
(244, 'Puch', NULL, '2025-06-05 07:03:40', '2025-06-05 07:03:40'),
(245, 'Puma', NULL, '2025-06-05 07:03:40', '2025-06-05 07:03:40'),
(248, 'Qiyuan', NULL, '2025-06-05 07:03:40', '2025-06-05 07:03:40'),
(249, 'Qoros', NULL, '2025-06-05 07:03:40', '2025-06-05 07:03:40'),
(252, 'Ram', NULL, '2025-06-05 07:03:40', '2025-06-05 07:03:40'),
(253, 'Ravon', NULL, '2025-06-05 07:03:40', '2025-06-05 07:03:40'),
(256, 'Renault', NULL, '2025-06-05 07:03:40', '2025-06-05 07:03:40'),
(257, 'Renault Samsung', NULL, '2025-06-05 07:03:40', '2025-06-05 07:03:40'),
(258, 'Rezvani', NULL, '2025-06-05 07:03:40', '2025-06-05 07:03:40'),
(259, 'Rimac', NULL, '2025-06-05 07:03:40', '2025-06-05 07:03:40'),
(261, 'Rising Auto', NULL, '2025-06-05 07:03:40', '2025-06-05 07:03:40'),
(262, 'Rivian', NULL, '2025-06-05 07:03:40', '2025-06-05 07:03:40'),
(263, 'Roewe', NULL, '2025-06-05 07:03:40', '2025-06-05 07:03:40'),
(264, 'Rolls-Royce', NULL, '2025-06-05 07:03:40', '2025-06-05 07:03:40'),
(267, 'Rover', NULL, '2025-06-05 07:03:40', '2025-06-05 07:03:40'),
(268, 'Saab', NULL, '2025-06-05 07:03:40', '2025-06-05 07:03:40'),
(269, 'Saipa', NULL, '2025-06-05 07:03:40', '2025-06-05 07:03:40'),
(270, 'Saleen', NULL, '2025-06-05 07:03:40', '2025-06-05 07:03:40'),
(272, 'Saturn', NULL, '2025-06-05 07:03:40', '2025-06-05 07:03:40'),
(273, 'Scion', NULL, '2025-06-05 07:03:40', '2025-06-05 07:03:40'),
(275, 'SEAT', NULL, '2025-06-05 07:03:40', '2025-06-05 07:03:40'),
(277, 'Seres Aito', NULL, '2025-06-05 07:03:40', '2025-06-05 07:03:40'),
(278, 'Shanghai Maple', NULL, '2025-06-05 07:03:40', '2025-06-05 07:03:40'),
(279, 'ShuangHuan', NULL, '2025-06-05 07:03:40', '2025-06-05 07:03:40'),
(280, 'Simca', NULL, '2025-06-05 07:03:40', '2025-06-05 07:03:40'),
(281, 'Skoda', NULL, '2025-06-05 07:03:40', '2025-06-05 07:03:40'),
(282, 'Skywell', NULL, '2025-06-05 07:03:40', '2025-06-05 07:03:40'),
(284, 'Smart', NULL, '2025-06-05 07:03:40', '2025-06-05 07:03:40'),
(285, 'Solaris', NULL, '2025-06-05 07:03:40', '2025-06-05 07:03:40'),
(287, 'Soueast', NULL, '2025-06-05 07:03:40', '2025-06-05 07:03:40'),
(289, 'Spyker', NULL, '2025-06-05 07:03:40', '2025-06-05 07:03:40'),
(290, 'SsangYong', NULL, '2025-06-05 07:03:40', '2025-06-05 07:03:40'),
(293, 'Subaru', NULL, '2025-06-05 07:03:40', '2025-06-05 07:03:40'),
(294, 'Suzuki', NULL, '2025-06-05 07:03:40', '2025-06-05 07:03:40'),
(295, 'SWM', NULL, '2025-06-05 07:03:40', '2025-06-05 07:03:40'),
(296, 'Talbot', NULL, '2025-06-05 07:03:40', '2025-06-05 07:03:40'),
(297, 'Tank', NULL, '2025-06-05 07:03:40', '2025-06-05 07:03:40'),
(298, 'Tata', NULL, '2025-06-05 07:03:40', '2025-06-05 07:03:40'),
(299, 'Tatra', NULL, '2025-06-05 07:03:40', '2025-06-05 07:03:40'),
(301, 'Tesla', NULL, '2025-06-05 07:03:40', '2025-06-05 07:03:40'),
(304, 'Tianma', NULL, '2025-06-05 07:03:40', '2025-06-05 07:03:40'),
(306, 'Tofas', NULL, '2025-06-05 07:03:40', '2025-06-05 07:03:40'),
(307, 'Toyota', NULL, '2025-06-05 07:03:40', '2025-06-05 07:03:40'),
(308, 'Trabant', NULL, '2025-06-05 07:03:40', '2025-06-05 07:03:40'),
(310, 'Triumph', NULL, '2025-06-05 07:03:40', '2025-06-05 07:03:40'),
(311, 'TVR', NULL, '2025-06-05 07:03:40', '2025-06-05 07:03:40'),
(312, 'Ultima', NULL, '2025-06-05 07:03:40', '2025-06-05 07:03:40'),
(313, 'Vauxhall', NULL, '2025-06-05 07:03:40', '2025-06-05 07:03:40'),
(314, 'Vector', NULL, '2025-06-05 07:03:40', '2025-06-05 07:03:40'),
(315, 'Venturi', NULL, '2025-06-05 07:03:40', '2025-06-05 07:03:40'),
(316, 'Venucia', NULL, '2025-06-05 07:03:40', '2025-06-05 07:03:40'),
(317, 'VGV', NULL, '2025-06-05 07:03:40', '2025-06-05 07:03:40'),
(318, 'VinFast', NULL, '2025-06-05 07:03:40', '2025-06-05 07:03:40'),
(319, 'Volkswagen', NULL, '2025-06-05 07:03:40', '2025-06-05 07:03:40'),
(320, 'Volvo', NULL, '2025-06-05 07:03:40', '2025-06-05 07:03:40'),
(321, 'Vortex', NULL, '2025-06-05 07:03:40', '2025-06-05 07:03:40'),
(322, 'Voyah', NULL, '2025-06-05 07:03:40', '2025-06-05 07:03:40'),
(324, 'W Motors', NULL, '2025-06-05 07:03:40', '2025-06-05 07:03:40'),
(325, 'Wanderer', NULL, '2025-06-05 07:03:40', '2025-06-05 07:03:40'),
(326, 'Wartburg', NULL, '2025-06-05 07:03:40', '2025-06-05 07:03:40'),
(327, 'Weltmeister', NULL, '2025-06-05 07:03:40', '2025-06-05 07:03:40'),
(328, 'Westfield', NULL, '2025-06-05 07:03:40', '2025-06-05 07:03:40'),
(329, 'Wey', NULL, '2025-06-05 07:03:40', '2025-06-05 07:03:40'),
(330, 'Wiesmann', NULL, '2025-06-05 07:03:40', '2025-06-05 07:03:40'),
(331, 'Willys', NULL, '2025-06-05 07:03:40', '2025-06-05 07:03:40'),
(332, 'Wuling', NULL, '2025-06-05 07:03:40', '2025-06-05 07:03:40'),
(337, 'Xin Kai', NULL, '2025-06-05 07:03:40', '2025-06-05 07:03:40'),
(338, 'Xpeng', NULL, '2025-06-05 07:03:40', '2025-06-05 07:03:40'),
(342, 'Zastava', NULL, '2025-06-05 07:03:40', '2025-06-05 07:03:40'),
(343, 'Zeekr', NULL, '2025-06-05 07:03:40', '2025-06-05 07:03:40'),
(345, 'Zenvo', NULL, '2025-06-05 07:03:40', '2025-06-05 07:03:40'),
(347, 'Zotye', NULL, '2025-06-05 07:03:40', '2025-06-05 07:03:40'),
(348, 'ZX', NULL, '2025-06-05 07:03:40', '2025-06-05 07:03:40'),
(349, 'Автокам', NULL, '2025-06-05 07:03:40', '2025-06-05 07:03:40'),
(352, 'ГАЗ', NULL, '2025-06-05 07:03:40', '2025-06-05 07:03:40'),
(354, 'ЗАЗ', NULL, '2025-06-05 07:03:40', '2025-06-05 07:03:40'),
(355, 'ЗИЛ', NULL, '2025-06-05 07:03:40', '2025-06-05 07:03:40'),
(356, 'ЗиС', NULL, '2025-06-05 07:03:40', '2025-06-05 07:03:40'),
(357, 'Иж', NULL, '2025-06-05 07:03:40', '2025-06-05 07:03:40'),
(360, 'ЛуАЗ', NULL, '2025-06-05 07:03:40', '2025-06-05 07:03:40'),
(361, 'Москвич', NULL, '2025-06-05 07:03:40', '2025-06-05 07:03:40'),
(363, 'СМЗ', NULL, '2025-06-05 07:03:40', '2025-06-05 07:03:40'),
(364, 'Спортивные авто и реплики', NULL, '2025-06-05 07:03:40', '2025-06-05 07:03:40'),
(365, 'ТагАЗ', NULL, '2025-06-05 07:03:40', '2025-06-05 07:03:40'),
(366, 'УАЗ', NULL, '2025-06-05 07:03:40', '2025-06-05 07:03:40');

-- --------------------------------------------------------

--
-- Структура таблицы `car_mark_model_countries`
--

CREATE TABLE `car_mark_model_countries` (
  `id` bigint(20) UNSIGNED NOT NULL,
  `mark_id` bigint(20) UNSIGNED NOT NULL,
  `model_id` bigint(20) UNSIGNED NOT NULL,
  `country_id` bigint(20) UNSIGNED NOT NULL,
  `created_at` timestamp NULL DEFAULT NULL,
  `updated_at` timestamp NULL DEFAULT NULL
) ENGINE=InnoDB DEFAULT CHARSET=utf8mb4 COLLATE=utf8mb4_unicode_ci;

--
-- Дамп данных таблицы `car_mark_model_countries`
--

INSERT INTO `car_mark_model_countries` (`id`, `mark_id`, `model_id`, `country_id`, `created_at`, `updated_at`) VALUES
(1, 1, 350, 5, '2025-06-05 07:03:40', '2025-06-05 07:03:40'),
(2, 1, 434, 5, '2025-06-05 07:03:40', '2025-06-05 07:03:40'),
(3, 2, 3157, 38, '2025-06-05 07:03:40', '2025-06-05 07:03:40'),
(4, 3, 3219, 7, '2025-06-05 07:03:40', '2025-06-05 07:03:40'),
(5, 4, 3258, 14, '2025-06-05 07:03:40', '2025-06-05 07:03:40'),
(6, 5, 63, 13, '2025-06-05 07:03:40', '2025-06-05 07:03:40'),
(7, 6, 1057, 7, '2025-06-05 07:03:40', '2025-06-05 07:03:40'),
(8, 7, 418, 32, '2025-06-05 07:03:40', '2025-06-05 07:03:40'),
(9, 9, 2585, 24, '2025-06-05 07:03:40', '2025-06-05 07:03:40'),
(10, 11, 476, 14, '2025-06-05 07:03:40', '2025-06-05 07:03:40'),
(11, 12, 2315, 5, '2025-06-05 07:03:40', '2025-06-05 07:03:40'),
(12, 13, 21, 23, '2025-06-05 07:03:40', '2025-06-05 07:03:40'),
(13, 14, 2649, 37, '2025-06-05 07:03:40', '2025-06-05 07:03:40'),
(14, 15, 1046, 5, '2025-06-05 07:03:40', '2025-06-05 07:03:40'),
(15, 15, 3368, 5, '2025-06-05 07:03:40', '2025-06-05 07:03:40'),
(16, 17, 73, 7, '2025-06-05 07:03:40', '2025-06-05 07:03:40'),
(17, 17, 419, 7, '2025-06-05 07:03:40', '2025-06-05 07:03:40'),
(18, 17, 422, 7, '2025-06-05 07:03:40', '2025-06-05 07:03:40'),
(19, 18, 2794, 22, '2025-06-05 07:03:40', '2025-06-05 07:03:40'),
(20, 19, 489, 5, '2025-06-05 07:03:40', '2025-06-05 07:03:40'),
(21, 19, 2478, 5, '2025-06-05 07:03:40', '2025-06-05 07:03:40'),
(22, 20, 231, 5, '2025-06-05 07:03:40', '2025-06-05 07:03:40'),
(23, 23, 12, 14, '2025-06-05 07:03:40', '2025-06-05 07:03:40'),
(24, 24, 667, 14, '2025-06-05 07:03:40', '2025-06-05 07:03:40'),
(25, 27, 1896, 14, '2025-06-05 07:03:40', '2025-06-05 07:03:40'),
(26, 28, 198, 26, '2025-06-05 07:03:40', '2025-06-05 07:03:40'),
(27, 29, 433, 14, '2025-06-05 07:03:40', '2025-06-05 07:03:40'),
(28, 31, 593, 5, '2025-06-05 07:03:40', '2025-06-05 07:03:40'),
(29, 31, 2560, 5, '2025-06-05 07:03:40', '2025-06-05 07:03:40'),
(30, 31, 3233, 5, '2025-06-05 07:03:40', '2025-06-05 07:03:40'),
(31, 35, 3250, 7, '2025-06-05 07:03:40', '2025-06-05 07:03:40'),
(32, 37, 250, 7, '2025-06-05 07:03:40', '2025-06-05 07:03:40'),
(33, 37, 3600, 7, '2025-06-05 07:03:40', '2025-06-05 07:03:40'),
(34, 38, 730, 7, '2025-06-05 07:03:40', '2025-06-05 07:03:40'),
(35, 39, 1156, 7, '2025-06-05 07:03:40', '2025-06-05 07:03:40'),
(36, 39, 2202, 7, '2025-06-05 07:03:40', '2025-06-05 07:03:40'),
(37, 40, 2073, 14, '2025-06-05 07:03:40', '2025-06-05 07:03:40'),
(38, 41, 683, 5, '2025-06-05 07:03:40', '2025-06-05 07:03:40'),
(39, 42, 1934, 16, '2025-06-05 07:03:40', '2025-06-05 07:03:40'),
(40, 43, 1126, 32, '2025-06-05 07:03:40', '2025-06-05 07:03:40'),
(41, 43, 1176, 32, '2025-06-05 07:03:40', '2025-06-05 07:03:40'),
(42, 44, 838, 26, '2025-06-05 07:03:40', '2025-06-05 07:03:40'),
(43, 45, 1106, 14, '2025-06-05 07:03:40', '2025-06-05 07:03:40'),
(44, 45, 3583, 14, '2025-06-05 07:03:40', '2025-06-05 07:03:40'),
(45, 46, 625, 14, '2025-06-05 07:03:40', '2025-06-05 07:03:40'),
(46, 47, 553, 26, '2025-06-05 07:03:40', '2025-06-05 07:03:40'),
(47, 50, 1004, 5, '2025-06-05 07:03:40', '2025-06-05 07:03:40'),
(48, 51, 2764, 14, '2025-06-05 07:03:40', '2025-06-05 07:03:40'),
(49, 52, 480, 14, '2025-06-05 07:03:40', '2025-06-05 07:03:40'),
(50, 52, 3268, 14, '2025-06-05 07:03:40', '2025-06-05 07:03:40'),
(51, 52, 3579, 14, '2025-06-05 07:03:40', '2025-06-05 07:03:40'),
(52, 53, 2006, 14, '2025-06-05 07:03:40', '2025-06-05 07:03:40'),
(53, 55, 521, 14, '2025-06-05 07:03:40', '2025-06-05 07:03:40'),
(54, 55, 524, 14, '2025-06-05 07:03:40', '2025-06-05 07:03:40'),
(55, 56, 500, 26, '2025-06-05 07:03:40', '2025-06-05 07:03:40'),
(56, 56, 3383, 26, '2025-06-05 07:03:40', '2025-06-05 07:03:40'),
(57, 56, 541, 8, '2025-06-05 07:03:40', '2025-06-05 07:03:40'),
(58, 57, 73, 26, '2025-06-05 07:03:40', '2025-06-05 07:03:40'),
(59, 57, 3371, 26, '2025-06-05 07:03:40', '2025-06-05 07:03:40'),
(60, 58, 3546, 14, '2025-06-05 07:03:40', '2025-06-05 07:03:40'),
(61, 59, 492, 32, '2025-06-05 07:03:40', '2025-06-05 07:03:40'),
(62, 59, 3544, 32, '2025-06-05 07:03:40', '2025-06-05 07:03:40'),
(63, 59, 3622, 32, '2025-06-05 07:03:40', '2025-06-05 07:03:40'),
(64, 64, 703, 12, '2025-06-05 07:03:40', '2025-06-05 07:03:40'),
(65, 65, 190, 23, '2025-06-05 07:03:40', '2025-06-05 07:03:40'),
(66, 65, 3017, 23, '2025-06-05 07:03:40', '2025-06-05 07:03:40'),
(67, 66, 2834, 14, '2025-06-05 07:03:40', '2025-06-05 07:03:40'),
(68, 67, 507, 37, '2025-06-05 07:03:40', '2025-06-05 07:03:40'),
(69, 67, 1296, 37, '2025-06-05 07:03:40', '2025-06-05 07:03:40'),
(70, 68, 503, 38, '2025-06-05 07:03:40', '2025-06-05 07:03:40'),
(71, 68, 630, 38, '2025-06-05 07:03:40', '2025-06-05 07:03:40'),
(72, 69, 2612, 5, '2025-06-05 07:03:40', '2025-06-05 07:03:40'),
(73, 69, 3474, 5, '2025-06-05 07:03:40', '2025-06-05 07:03:40'),
(74, 69, 3535, 5, '2025-06-05 07:03:40', '2025-06-05 07:03:40'),
(75, 71, 310, 38, '2025-06-05 07:03:40', '2025-06-05 07:03:40'),
(76, 73, 2395, 13, '2025-06-05 07:03:40', '2025-06-05 07:03:40'),
(77, 75, 1058, 32, '2025-06-05 07:03:40', '2025-06-05 07:03:40'),
(78, 77, 2278, 14, '2025-06-05 07:03:40', '2025-06-05 07:03:40'),
(79, 78, 561, 22, '2025-06-05 07:03:40', '2025-06-05 07:03:40'),
(80, 78, 2446, 22, '2025-06-05 07:03:40', '2025-06-05 07:03:40'),
(81, 79, 1101, 26, '2025-06-05 07:03:40', '2025-06-05 07:03:40'),
(82, 81, 511, 26, '2025-06-05 07:03:40', '2025-06-05 07:03:40'),
(83, 81, 795, 26, '2025-06-05 07:03:40', '2025-06-05 07:03:40'),
(84, 81, 850, 26, '2025-06-05 07:03:40', '2025-06-05 07:03:40'),
(85, 82, 145, 14, '2025-06-05 07:03:40', '2025-06-05 07:03:40'),
(86, 82, 443, 14, '2025-06-05 07:03:40', '2025-06-05 07:03:40'),
(87, 82, 446, 14, '2025-06-05 07:03:40', '2025-06-05 07:03:40'),
(88, 83, 1908, 22, '2025-06-05 07:03:40', '2025-06-05 07:03:40'),
(89, 84, 1063, 18, '2025-06-05 07:03:40', '2025-06-05 07:03:40'),
(90, 84, 1066, 18, '2025-06-05 07:03:40', '2025-06-05 07:03:40'),
(91, 85, 319, 32, '2025-06-05 07:03:40', '2025-06-05 07:03:40'),
(92, 85, 387, 32, '2025-06-05 07:03:40', '2025-06-05 07:03:40'),
(93, 86, 1663, 22, '2025-06-05 07:03:40', '2025-06-05 07:03:40'),
(94, 87, 3004, 26, '2025-06-05 07:03:40', '2025-06-05 07:03:40'),
(95, 87, 3376, 26, '2025-06-05 07:03:40', '2025-06-05 07:03:40'),
(96, 90, 2147, 14, '2025-06-05 07:03:40', '2025-06-05 07:03:40'),
(97, 92, 1756, 22, '2025-06-05 07:03:40', '2025-06-05 07:03:40'),
(98, 92, 1802, 22, '2025-06-05 07:03:40', '2025-06-05 07:03:40'),
(99, 93, 2814, 26, '2025-06-05 07:03:40', '2025-06-05 07:03:40'),
(100, 94, 2054, 14, '2025-06-05 07:03:40', '2025-06-05 07:03:40'),
(101, 94, 3243, 14, '2025-06-05 07:03:40', '2025-06-05 07:03:40'),
(102, 96, 643, 14, '2025-06-05 07:03:40', '2025-06-05 07:03:40'),
(103, 96, 646, 14, '2025-06-05 07:03:40', '2025-06-05 07:03:40'),
(104, 96, 649, 14, '2025-06-05 07:03:40', '2025-06-05 07:03:40'),
(105, 97, 294, 13, '2025-06-05 07:03:40', '2025-06-05 07:03:40'),
(106, 97, 87, 13, '2025-06-05 07:03:40', '2025-06-05 07:03:40'),
(107, 97, 107, 13, '2025-06-05 07:03:40', '2025-06-05 07:03:40'),
(108, 98, 265, 13, '2025-06-05 07:03:40', '2025-06-05 07:03:40'),
(109, 98, 56, 13, '2025-06-05 07:03:40', '2025-06-05 07:03:40'),
(110, 98, 59, 13, '2025-06-05 07:03:40', '2025-06-05 07:03:40'),
(111, 99, 2334, 26, '2025-06-05 07:03:40', '2025-06-05 07:03:40'),
(112, 101, 497, 26, '2025-06-05 07:03:40', '2025-06-05 07:03:40'),
(113, 101, 718, 26, '2025-06-05 07:03:40', '2025-06-05 07:03:40'),
(114, 101, 908, 26, '2025-06-05 07:03:40', '2025-06-05 07:03:40'),
(115, 102, 2015, 14, '2025-06-05 07:03:40', '2025-06-05 07:03:40'),
(116, 102, 3042, 14, '2025-06-05 07:03:40', '2025-06-05 07:03:40'),
(117, 102, 3569, 14, '2025-06-05 07:03:40', '2025-06-05 07:03:40'),
(118, 103, 2118, 14, '2025-06-05 07:03:40', '2025-06-05 07:03:40'),
(119, 103, 3230, 14, '2025-06-05 07:03:40', '2025-06-05 07:03:40'),
(120, 104, 268, 21, '2025-06-05 07:03:40', '2025-06-05 07:03:40'),
(121, 104, 1958, 21, '2025-06-05 07:03:40', '2025-06-05 07:03:40'),
(122, 106, 1626, 14, '2025-06-05 07:03:40', '2025-06-05 07:03:40'),
(123, 106, 2080, 14, '2025-06-05 07:03:40', '2025-06-05 07:03:40'),
(124, 107, 1720, 14, '2025-06-05 07:03:40', '2025-06-05 07:03:40'),
(125, 107, 3567, 14, '2025-06-05 07:03:40', '2025-06-05 07:03:40'),
(126, 108, 1170, 14, '2025-06-05 07:03:40', '2025-06-05 07:03:40'),
(127, 108, 1285, 14, '2025-06-05 07:03:40', '2025-06-05 07:03:40'),
(128, 108, 1520, 14, '2025-06-05 07:03:40', '2025-06-05 07:03:40'),
(129, 109, 549, 14, '2025-06-05 07:03:40', '2025-06-05 07:03:40'),
(130, 109, 660, 14, '2025-06-05 07:03:40', '2025-06-05 07:03:40'),
(131, 109, 663, 14, '2025-06-05 07:03:40', '2025-06-05 07:03:40'),
(132, 110, 1515, 37, '2025-06-05 07:03:40', '2025-06-05 07:03:40'),
(133, 110, 1646, 37, '2025-06-05 07:03:40', '2025-06-05 07:03:40'),
(134, 111, 2486, 26, '2025-06-05 07:03:40', '2025-06-05 07:03:40'),
(135, 111, 3190, 26, '2025-06-05 07:03:40', '2025-06-05 07:03:40'),
(136, 112, 428, 26, '2025-06-05 07:03:40', '2025-06-05 07:03:40'),
(137, 112, 1713, 26, '2025-06-05 07:03:40', '2025-06-05 07:03:40'),
(138, 112, 2758, 26, '2025-06-05 07:03:40', '2025-06-05 07:03:40'),
(139, 113, 3220, 7, '2025-06-05 07:03:40', '2025-06-05 07:03:40'),
(140, 117, 969, 14, '2025-06-05 07:03:40', '2025-06-05 07:03:40'),
(141, 117, 1697, 14, '2025-06-05 07:03:40', '2025-06-05 07:03:40'),
(142, 117, 1700, 14, '2025-06-05 07:03:40', '2025-06-05 07:03:40'),
(143, 118, 2182, 14, '2025-06-05 07:03:40', '2025-06-05 07:03:40'),
(144, 118, 2841, 14, '2025-06-05 07:03:40', '2025-06-05 07:03:40'),
(145, 119, 3, 14, '2025-06-05 07:03:40', '2025-06-05 07:03:40'),
(146, 119, 394, 14, '2025-06-05 07:03:40', '2025-06-05 07:03:40'),
(147, 119, 1164, 14, '2025-06-05 07:03:40', '2025-06-05 07:03:40'),
(148, 120, 3244, 7, '2025-06-05 07:03:40', '2025-06-05 07:03:40'),
(149, 122, 1070, 14, '2025-06-05 07:03:40', '2025-06-05 07:03:40'),
(150, 122, 1380, 14, '2025-06-05 07:03:40', '2025-06-05 07:03:40'),
(151, 122, 1659, 14, '2025-06-05 07:03:40', '2025-06-05 07:03:40'),
(152, 123, 692, 14, '2025-06-05 07:03:40', '2025-06-05 07:03:40'),
(153, 125, 3327, 26, '2025-06-05 07:03:40', '2025-06-05 07:03:40'),
(154, 126, 930, 10, '2025-06-05 07:03:40', '2025-06-05 07:03:40'),
(155, 127, 3566, 14, '2025-06-05 07:03:40', '2025-06-05 07:03:40'),
(156, 129, 541, 1, '2025-06-05 07:03:40', '2025-06-05 07:03:40'),
(157, 129, 790, 1, '2025-06-05 07:03:40', '2025-06-05 07:03:40'),
(158, 129, 1477, 1, '2025-06-05 07:03:40', '2025-06-05 07:03:40'),
(159, 130, 431, 38, '2025-06-05 07:03:40', '2025-06-05 07:03:40'),
(160, 130, 534, 38, '2025-06-05 07:03:40', '2025-06-05 07:03:40'),
(161, 130, 613, 38, '2025-06-05 07:03:40', '2025-06-05 07:03:40'),
(162, 131, 1198, 14, '2025-06-05 07:03:40', '2025-06-05 07:03:40'),
(163, 131, 1663, 14, '2025-06-05 07:03:40', '2025-06-05 07:03:40'),
(164, 131, 1670, 14, '2025-06-05 07:03:40', '2025-06-05 07:03:40'),
(165, 132, 167, 7, '2025-06-05 07:03:40', '2025-06-05 07:03:40'),
(166, 133, 2296, 14, '2025-06-05 07:03:40', '2025-06-05 07:03:40'),
(167, 133, 2299, 14, '2025-06-05 07:03:40', '2025-06-05 07:03:40'),
(168, 135, 1954, 14, '2025-06-05 07:03:40', '2025-06-05 07:03:40'),
(169, 137, 3015, 26, '2025-06-05 07:03:40', '2025-06-05 07:03:40'),
(170, 138, 1656, 26, '2025-06-05 07:03:40', '2025-06-05 07:03:40'),
(171, 139, 411, 14, '2025-06-05 07:03:40', '2025-06-05 07:03:40'),
(172, 140, 537, 37, '2025-06-05 07:03:40', '2025-06-05 07:03:40'),
(173, 140, 571, 37, '2025-06-05 07:03:40', '2025-06-05 07:03:40'),
(174, 140, 809, 37, '2025-06-05 07:03:40', '2025-06-05 07:03:40'),
(175, 142, 2032, 14, '2025-06-05 07:03:40', '2025-06-05 07:03:40'),
(176, 144, 1497, 38, '2025-06-05 07:03:40', '2025-06-05 07:03:40'),
(177, 144, 1816, 38, '2025-06-05 07:03:40', '2025-06-05 07:03:40'),
(178, 144, 2512, 38, '2025-06-05 07:03:40', '2025-06-05 07:03:40'),
(179, 145, 2176, 13, '2025-06-05 07:03:40', '2025-06-05 07:03:40'),
(180, 148, 1104, 11, '2025-06-05 07:03:40', '2025-06-05 07:03:40'),
(181, 148, 2734, 11, '2025-06-05 07:03:40', '2025-06-05 07:03:40'),
(182, 148, 2907, 11, '2025-06-05 07:03:40', '2025-06-05 07:03:40'),
(183, 149, 1764, 7, '2025-06-05 07:03:40', '2025-06-05 07:03:40'),
(184, 150, 494, 38, '2025-06-05 07:03:40', '2025-06-05 07:03:40'),
(185, 150, 586, 38, '2025-06-05 07:03:40', '2025-06-05 07:03:40'),
(186, 150, 1127, 38, '2025-06-05 07:03:40', '2025-06-05 07:03:40'),
(187, 152, 1750, 14, '2025-06-05 07:03:40', '2025-06-05 07:03:40'),
(188, 152, 1753, 14, '2025-06-05 07:03:40', '2025-06-05 07:03:40'),
(189, 152, 1819, 14, '2025-06-05 07:03:40', '2025-06-05 07:03:40'),
(190, 153, 1824, 14, '2025-06-05 07:03:40', '2025-06-05 07:03:40'),
(191, 154, 1315, 5, '2025-06-05 07:03:40', '2025-06-05 07:03:40'),
(192, 154, 1792, 5, '2025-06-05 07:03:40', '2025-06-05 07:03:40'),
(193, 154, 3000, 5, '2025-06-05 07:03:40', '2025-06-05 07:03:40'),
(194, 155, 854, 26, '2025-06-05 07:03:40', '2025-06-05 07:03:40'),
(195, 155, 919, 26, '2025-06-05 07:03:40', '2025-06-05 07:03:40'),
(196, 155, 1600, 26, '2025-06-05 07:03:40', '2025-06-05 07:03:40'),
(197, 156, 3022, 5, '2025-06-05 07:03:40', '2025-06-05 07:03:40'),
(198, 157, 2823, 14, '2025-06-05 07:03:40', '2025-06-05 07:03:40'),
(199, 157, 3492, 14, '2025-06-05 07:03:40', '2025-06-05 07:03:40'),
(200, 157, 3497, 14, '2025-06-05 07:03:40', '2025-06-05 07:03:40'),
(201, 158, 3396, 14, '2025-06-05 07:03:40', '2025-06-05 07:03:40'),
(202, 159, 1672, 14, '2025-06-05 07:03:40', '2025-06-05 07:03:40'),
(203, 160, 1069, 14, '2025-06-05 07:03:40', '2025-06-05 07:03:40'),
(204, 160, 3590, 14, '2025-06-05 07:03:40', '2025-06-05 07:03:40'),
(205, 161, 1628, 14, '2025-06-05 07:03:40', '2025-06-05 07:03:40'),
(206, 163, 3471, 14, '2025-06-05 07:03:40', '2025-06-05 07:03:40'),
(207, 164, 2625, 26, '2025-06-05 07:03:40', '2025-06-05 07:03:40'),
(208, 165, 1856, 14, '2025-06-05 07:03:40', '2025-06-05 07:03:40'),
(209, 166, 2630, 37, '2025-06-05 07:03:40', '2025-06-05 07:03:40'),
(210, 166, 3169, 37, '2025-06-05 07:03:40', '2025-06-05 07:03:40'),
(211, 167, 704, 37, '2025-06-05 07:03:40', '2025-06-05 07:03:40'),
(212, 167, 797, 37, '2025-06-05 07:03:40', '2025-06-05 07:03:40'),
(213, 167, 824, 37, '2025-06-05 07:03:40', '2025-06-05 07:03:40'),
(214, 168, 817, 36, '2025-06-05 07:03:40', '2025-06-05 07:03:40'),
(215, 168, 1833, 36, '2025-06-05 07:03:40', '2025-06-05 07:03:40'),
(216, 171, 199, 22, '2025-06-05 07:03:40', '2025-06-05 07:03:40'),
(217, 171, 202, 22, '2025-06-05 07:03:40', '2025-06-05 07:03:40'),
(218, 171, 205, 22, '2025-06-05 07:03:40', '2025-06-05 07:03:40'),
(219, 172, 579, 13, '2025-06-05 07:03:40', '2025-06-05 07:03:40'),
(220, 172, 963, 13, '2025-06-05 07:03:40', '2025-06-05 07:03:40'),
(221, 172, 1294, 13, '2025-06-05 07:03:40', '2025-06-05 07:03:40'),
(222, 173, 502, 13, '2025-06-05 07:03:40', '2025-06-05 07:03:40'),
(223, 173, 1092, 13, '2025-06-05 07:03:40', '2025-06-05 07:03:40'),
(224, 173, 1435, 13, '2025-06-05 07:03:40', '2025-06-05 07:03:40'),
(225, 174, 1124, 5, '2025-06-05 07:03:40', '2025-06-05 07:03:40'),
(226, 174, 2590, 5, '2025-06-05 07:03:40', '2025-06-05 07:03:40'),
(227, 174, 2593, 5, '2025-06-05 07:03:40', '2025-06-05 07:03:40'),
(228, 175, 1459, 14, '2025-06-05 07:03:40', '2025-06-05 07:03:40'),
(229, 175, 3489, 14, '2025-06-05 07:03:40', '2025-06-05 07:03:40'),
(230, 176, 738, 14, '2025-06-05 07:03:40', '2025-06-05 07:03:40'),
(231, 176, 3037, 14, '2025-06-05 07:03:40', '2025-06-05 07:03:40'),
(232, 177, 1281, 38, '2025-06-05 07:03:40', '2025-06-05 07:03:40'),
(233, 177, 1649, 38, '2025-06-05 07:03:40', '2025-06-05 07:03:40'),
(234, 177, 1798, 38, '2025-06-05 07:03:40', '2025-06-05 07:03:40'),
(235, 179, 713, 14, '2025-06-05 07:03:40', '2025-06-05 07:03:40'),
(236, 179, 2260, 14, '2025-06-05 07:03:40', '2025-06-05 07:03:40'),
(237, 179, 2888, 14, '2025-06-05 07:03:40', '2025-06-05 07:03:40'),
(238, 181, 678, 26, '2025-06-05 07:03:40', '2025-06-05 07:03:40'),
(239, 181, 955, 26, '2025-06-05 07:03:40', '2025-06-05 07:03:40'),
(240, 181, 2108, 26, '2025-06-05 07:03:40', '2025-06-05 07:03:40'),
(241, 182, 9, 14, '2025-06-05 07:03:40', '2025-06-05 07:03:40'),
(242, 182, 3487, 14, '2025-06-05 07:03:40', '2025-06-05 07:03:40'),
(243, 183, 1931, 14, '2025-06-05 07:03:40', '2025-06-05 07:03:40'),
(244, 183, 2149, 14, '2025-06-05 07:03:40', '2025-06-05 07:03:40'),
(245, 185, 351, 5, '2025-06-05 07:03:40', '2025-06-05 07:03:40'),
(246, 185, 1211, 5, '2025-06-05 07:03:40', '2025-06-05 07:03:40'),
(247, 185, 1223, 5, '2025-06-05 07:03:40', '2025-06-05 07:03:40'),
(248, 189, 2051, 28, '2025-06-05 07:03:40', '2025-06-05 07:03:40'),
(249, 189, 3261, 28, '2025-06-05 07:03:40', '2025-06-05 07:03:40'),
(250, 190, 2, 14, '2025-06-05 07:03:40', '2025-06-05 07:03:40'),
(251, 190, 6, 14, '2025-06-05 07:03:40', '2025-06-05 07:03:40'),
(252, 190, 9, 14, '2025-06-05 07:03:40', '2025-06-05 07:03:40'),
(253, 191, 691, 10, '2025-06-05 07:03:40', '2025-06-05 07:03:40'),
(254, 191, 919, 10, '2025-06-05 07:03:40', '2025-06-05 07:03:40'),
(255, 191, 2292, 10, '2025-06-05 07:03:40', '2025-06-05 07:03:40'),
(256, 192, 2021, 5, '2025-06-05 07:03:40', '2025-06-05 07:03:40'),
(257, 192, 2098, 5, '2025-06-05 07:03:40', '2025-06-05 07:03:40'),
(258, 193, 2941, 5, '2025-06-05 07:03:40', '2025-06-05 07:03:40'),
(259, 194, 602, 22, '2025-06-05 07:03:40', '2025-06-05 07:03:40'),
(260, 195, 160, 10, '2025-06-05 07:03:40', '2025-06-05 07:03:40'),
(261, 195, 1302, 10, '2025-06-05 07:03:40', '2025-06-05 07:03:40'),
(262, 195, 3340, 10, '2025-06-05 07:03:40', '2025-06-05 07:03:40'),
(263, 196, 344, 13, '2025-06-05 07:03:40', '2025-06-05 07:03:40'),
(264, 196, 617, 13, '2025-06-05 07:03:40', '2025-06-05 07:03:40'),
(265, 196, 864, 13, '2025-06-05 07:03:40', '2025-06-05 07:03:40'),
(266, 198, 1068, 14, '2025-06-05 07:03:40', '2025-06-05 07:03:40'),
(267, 198, 1506, 14, '2025-06-05 07:03:40', '2025-06-05 07:03:40'),
(268, 198, 1517, 14, '2025-06-05 07:03:40', '2025-06-05 07:03:40'),
(269, 199, 30, 7, '2025-06-05 07:03:40', '2025-06-05 07:03:40'),
(270, 200, 53, 38, '2025-06-05 07:03:40', '2025-06-05 07:03:40'),
(271, 200, 3, 38, '2025-06-05 07:03:40', '2025-06-05 07:03:40'),
(272, 200, 5, 38, '2025-06-05 07:03:40', '2025-06-05 07:03:40'),
(273, 201, 372, 5, '2025-06-05 07:03:40', '2025-06-05 07:03:40'),
(274, 201, 383, 5, '2025-06-05 07:03:40', '2025-06-05 07:03:40'),
(275, 201, 392, 5, '2025-06-05 07:03:40', '2025-06-05 07:03:40'),
(276, 202, 2228, 32, '2025-06-05 07:03:40', '2025-06-05 07:03:40'),
(277, 203, 279, 7, '2025-06-05 07:03:40', '2025-06-05 07:03:40'),
(278, 203, 596, 7, '2025-06-05 07:03:40', '2025-06-05 07:03:40'),
(279, 203, 733, 7, '2025-06-05 07:03:40', '2025-06-05 07:03:40'),
(280, 204, 912, 26, '2025-06-05 07:03:40', '2025-06-05 07:03:40'),
(281, 204, 1604, 26, '2025-06-05 07:03:40', '2025-06-05 07:03:40'),
(282, 204, 2116, 26, '2025-06-05 07:03:40', '2025-06-05 07:03:40'),
(283, 206, 2164, 5, '2025-06-05 07:03:40', '2025-06-05 07:03:40'),
(284, 207, 104, 5, '2025-06-05 07:03:40', '2025-06-05 07:03:40'),
(285, 207, 364, 5, '2025-06-05 07:03:40', '2025-06-05 07:03:40'),
(286, 207, 377, 5, '2025-06-05 07:03:40', '2025-06-05 07:03:40'),
(287, 209, 2061, 32, '2025-06-05 07:03:40', '2025-06-05 07:03:40'),
(288, 209, 3369, 32, '2025-06-05 07:03:40', '2025-06-05 07:03:40'),
(289, 211, 903, 5, '2025-06-05 07:03:40', '2025-06-05 07:03:40'),
(290, 211, 1678, 5, '2025-06-05 07:03:40', '2025-06-05 07:03:40'),
(291, 212, 136, 38, '2025-06-05 07:03:40', '2025-06-05 07:03:40'),
(292, 212, 544, 38, '2025-06-05 07:03:40', '2025-06-05 07:03:40'),
(293, 212, 801, 38, '2025-06-05 07:03:40', '2025-06-05 07:03:40'),
(294, 213, 727, 38, '2025-06-05 07:03:40', '2025-06-05 07:03:40'),
(295, 213, 1689, 38, '2025-06-05 07:03:40', '2025-06-05 07:03:40'),
(296, 213, 2142, 38, '2025-06-05 07:03:40', '2025-06-05 07:03:40'),
(297, 215, 354, 5, '2025-06-05 07:03:40', '2025-06-05 07:03:40'),
(298, 215, 451, 5, '2025-06-05 07:03:40', '2025-06-05 07:03:40'),
(299, 215, 2444, 5, '2025-06-05 07:03:40', '2025-06-05 07:03:40'),
(300, 216, 2103, 5, '2025-06-05 07:03:40', '2025-06-05 07:03:40'),
(301, 218, 1180, 14, '2025-06-05 07:03:40', '2025-06-05 07:03:40'),
(302, 218, 1284, 14, '2025-06-05 07:03:40', '2025-06-05 07:03:40'),
(303, 219, 277, 38, '2025-06-05 07:03:40', '2025-06-05 07:03:40'),
(304, 219, 316, 38, '2025-06-05 07:03:40', '2025-06-05 07:03:40'),
(305, 219, 349, 38, '2025-06-05 07:03:40', '2025-06-05 07:03:40'),
(306, 220, 2068, 5, '2025-06-05 07:03:40', '2025-06-05 07:03:40'),
(307, 221, 464, 26, '2025-06-05 07:03:40', '2025-06-05 07:03:40'),
(308, 221, 1026, 26, '2025-06-05 07:03:40', '2025-06-05 07:03:40'),
(309, 221, 1029, 26, '2025-06-05 07:03:40', '2025-06-05 07:03:40'),
(310, 222, 2709, 14, '2025-06-05 07:03:40', '2025-06-05 07:03:40'),
(311, 223, 441, 7, '2025-06-05 07:03:40', '2025-06-05 07:03:40'),
(312, 223, 495, 7, '2025-06-05 07:03:40', '2025-06-05 07:03:40'),
(313, 223, 541, 7, '2025-06-05 07:03:40', '2025-06-05 07:03:40'),
(314, 224, 614, 14, '2025-06-05 07:03:40', '2025-06-05 07:03:40'),
(315, 224, 2009, 14, '2025-06-05 07:03:40', '2025-06-05 07:03:40'),
(316, 226, 3482, 14, '2025-06-05 07:03:40', '2025-06-05 07:03:40'),
(317, 226, 3602, 14, '2025-06-05 07:03:40', '2025-06-05 07:03:40'),
(318, 229, 895, 26, '2025-06-05 07:03:40', '2025-06-05 07:03:40'),
(319, 229, 2858, 26, '2025-06-05 07:03:40', '2025-06-05 07:03:40'),
(320, 230, 3280, 13, '2025-06-05 07:03:40', '2025-06-05 07:03:40'),
(321, 231, 2646, 26, '2025-06-05 07:03:40', '2025-06-05 07:03:40'),
(322, 232, 1874, 16, '2025-06-05 07:03:40', '2025-06-05 07:03:40'),
(323, 232, 1892, 16, '2025-06-05 07:03:40', '2025-06-05 07:03:40'),
(324, 232, 3383, 16, '2025-06-05 07:03:40', '2025-06-05 07:03:40'),
(325, 233, 45, 32, '2025-06-05 07:03:40', '2025-06-05 07:03:40'),
(326, 233, 48, 32, '2025-06-05 07:03:40', '2025-06-05 07:03:40'),
(327, 233, 75, 32, '2025-06-05 07:03:40', '2025-06-05 07:03:40'),
(328, 234, 1681, 32, '2025-06-05 07:03:40', '2025-06-05 07:03:40'),
(329, 237, 619, 26, '2025-06-05 07:03:40', '2025-06-05 07:03:40'),
(330, 237, 915, 26, '2025-06-05 07:03:40', '2025-06-05 07:03:40'),
(331, 237, 1695, 26, '2025-06-05 07:03:40', '2025-06-05 07:03:40'),
(332, 239, 2, 36, '2025-06-05 07:03:40', '2025-06-05 07:03:40'),
(333, 240, 592, 26, '2025-06-05 07:03:40', '2025-06-05 07:03:40'),
(334, 240, 1412, 26, '2025-06-05 07:03:40', '2025-06-05 07:03:40'),
(335, 240, 1509, 26, '2025-06-05 07:03:40', '2025-06-05 07:03:40'),
(336, 241, 390, 7, '2025-06-05 07:03:40', '2025-06-05 07:03:40'),
(337, 241, 400, 7, '2025-06-05 07:03:40', '2025-06-05 07:03:40'),
(338, 241, 170, 7, '2025-06-05 07:03:40', '2025-06-05 07:03:40'),
(339, 242, 2382, 10, '2025-06-05 07:03:40', '2025-06-05 07:03:40'),
(340, 243, 1356, 16, '2025-06-05 07:03:40', '2025-06-05 07:03:40'),
(341, 243, 1796, 16, '2025-06-05 07:03:40', '2025-06-05 07:03:40'),
(342, 243, 2418, 16, '2025-06-05 07:03:40', '2025-06-05 07:03:40'),
(343, 244, 2433, 7, '2025-06-05 07:03:40', '2025-06-05 07:03:40'),
(344, 245, 1638, 4, '2025-06-05 07:03:40', '2025-06-05 07:03:40'),
(345, 248, 412, 14, '2025-06-05 07:03:40', '2025-06-05 07:03:40'),
(346, 249, 5, 14, '2025-06-05 07:03:40', '2025-06-05 07:03:40'),
(347, 252, 2495, 26, '2025-06-05 07:03:40', '2025-06-05 07:03:40'),
(348, 253, 2127, 30, '2025-06-05 07:03:40', '2025-06-05 07:03:40'),
(349, 253, 2566, 30, '2025-06-05 07:03:40', '2025-06-05 07:03:40'),
(350, 256, 11, 32, '2025-06-05 07:03:40', '2025-06-05 07:03:40'),
(351, 256, 14, 32, '2025-06-05 07:03:40', '2025-06-05 07:03:40'),
(352, 256, 17, 32, '2025-06-05 07:03:40', '2025-06-05 07:03:40'),
(353, 257, 2537, 37, '2025-06-05 07:03:40', '2025-06-05 07:03:40'),
(354, 257, 2879, 37, '2025-06-05 07:03:40', '2025-06-05 07:03:40'),
(355, 257, 3545, 37, '2025-06-05 07:03:40', '2025-06-05 07:03:40'),
(356, 258, 3071, 26, '2025-06-05 07:03:40', '2025-06-05 07:03:40'),
(357, 259, 925, 33, '2025-06-05 07:03:40', '2025-06-05 07:03:40'),
(358, 261, 2120, 14, '2025-06-05 07:03:40', '2025-06-05 07:03:40'),
(359, 262, 2563, 26, '2025-06-05 07:03:40', '2025-06-05 07:03:40'),
(360, 263, 1061, 14, '2025-06-05 07:03:40', '2025-06-05 07:03:40'),
(361, 263, 1732, 14, '2025-06-05 07:03:40', '2025-06-05 07:03:40'),
(362, 263, 1761, 14, '2025-06-05 07:03:40', '2025-06-05 07:03:40'),
(363, 264, 285, 5, '2025-06-05 07:03:40', '2025-06-05 07:03:40'),
(364, 264, 942, 5, '2025-06-05 07:03:40', '2025-06-05 07:03:40'),
(365, 264, 1552, 5, '2025-06-05 07:03:40', '2025-06-05 07:03:40'),
(366, 267, 13, 5, '2025-06-05 07:03:40', '2025-06-05 07:03:40'),
(367, 267, 110, 5, '2025-06-05 07:03:40', '2025-06-05 07:03:40'),
(368, 267, 34, 5, '2025-06-05 07:03:40', '2025-06-05 07:03:40'),
(369, 268, 404, 36, '2025-06-05 07:03:40', '2025-06-05 07:03:40'),
(370, 268, 407, 36, '2025-06-05 07:03:40', '2025-06-05 07:03:40'),
(371, 268, 168, 36, '2025-06-05 07:03:40', '2025-06-05 07:03:40'),
(372, 269, 2739, 11, '2025-06-05 07:03:40', '2025-06-05 07:03:40'),
(373, 270, 2720, 26, '2025-06-05 07:03:40', '2025-06-05 07:03:40'),
(374, 272, 557, 26, '2025-06-05 07:03:40', '2025-06-05 07:03:40'),
(375, 272, 2053, 26, '2025-06-05 07:03:40', '2025-06-05 07:03:40'),
(376, 272, 2762, 26, '2025-06-05 07:03:40', '2025-06-05 07:03:40'),
(377, 273, 1737, 26, '2025-06-05 07:03:40', '2025-06-05 07:03:40'),
(378, 273, 3086, 26, '2025-06-05 07:03:40', '2025-06-05 07:03:40'),
(379, 273, 3515, 26, '2025-06-05 07:03:40', '2025-06-05 07:03:40'),
(380, 275, 467, 12, '2025-06-05 07:03:40', '2025-06-05 07:03:40'),
(381, 275, 520, 12, '2025-06-05 07:03:40', '2025-06-05 07:03:40'),
(382, 275, 1353, 12, '2025-06-05 07:03:40', '2025-06-05 07:03:40'),
(383, 277, 2079, 14, '2025-06-05 07:03:40', '2025-06-05 07:03:40'),
(384, 278, 750, 14, '2025-06-05 07:03:40', '2025-06-05 07:03:40'),
(385, 278, 763, 14, '2025-06-05 07:03:40', '2025-06-05 07:03:40'),
(386, 279, 2768, 14, '2025-06-05 07:03:40', '2025-06-05 07:03:40'),
(387, 280, 189, 32, '2025-06-05 07:03:40', '2025-06-05 07:03:40'),
(388, 281, 256, 34, '2025-06-05 07:03:40', '2025-06-05 07:03:40'),
(389, 281, 1252, 34, '2025-06-05 07:03:40', '2025-06-05 07:03:40'),
(390, 281, 1255, 34, '2025-06-05 07:03:40', '2025-06-05 07:03:40'),
(391, 282, 1711, 14, '2025-06-05 07:03:40', '2025-06-05 07:03:40'),
(392, 284, 248, 7, '2025-06-05 07:03:40', '2025-06-05 07:03:40'),
(393, 284, 2646, 7, '2025-06-05 07:03:40', '2025-06-05 07:03:40'),
(394, 285, 1707, 22, '2025-06-05 07:03:40', '2025-06-05 07:03:40'),
(395, 287, 1147, 14, '2025-06-05 07:03:40', '2025-06-05 07:03:40'),
(396, 287, 1150, 14, '2025-06-05 07:03:40', '2025-06-05 07:03:40'),
(397, 289, 765, 8, '2025-06-05 07:03:40', '2025-06-05 07:03:40'),
(398, 290, 439, 37, '2025-06-05 07:03:40', '2025-06-05 07:03:40'),
(399, 290, 1871, 37, '2025-06-05 07:03:40', '2025-06-05 07:03:40'),
(400, 290, 1911, 37, '2025-06-05 07:03:40', '2025-06-05 07:03:40'),
(401, 293, 107, 38, '2025-06-05 07:03:40', '2025-06-05 07:03:40'),
(402, 293, 611, 38, '2025-06-05 07:03:40', '2025-06-05 07:03:40'),
(403, 293, 709, 38, '2025-06-05 07:03:40', '2025-06-05 07:03:40'),
(404, 294, 449, 38, '2025-06-05 07:03:40', '2025-06-05 07:03:40'),
(405, 294, 504, 38, '2025-06-05 07:03:40', '2025-06-05 07:03:40'),
(406, 294, 794, 38, '2025-06-05 07:03:40', '2025-06-05 07:03:40'),
(407, 295, 1503, 14, '2025-06-05 07:03:40', '2025-06-05 07:03:40'),
(408, 295, 2831, 14, '2025-06-05 07:03:40', '2025-06-05 07:03:40'),
(409, 295, 3489, 14, '2025-06-05 07:03:40', '2025-06-05 07:03:40'),
(410, 296, 575, 5, '2025-06-05 07:03:40', '2025-06-05 07:03:40'),
(411, 296, 2742, 5, '2025-06-05 07:03:40', '2025-06-05 07:03:40'),
(412, 297, 110, 14, '2025-06-05 07:03:40', '2025-06-05 07:03:40'),
(413, 298, 1300, 10, '2025-06-05 07:03:40', '2025-06-05 07:03:40'),
(414, 298, 2282, 10, '2025-06-05 07:03:40', '2025-06-05 07:03:40'),
(415, 298, 3005, 10, '2025-06-05 07:03:40', '2025-06-05 07:03:40'),
(416, 299, 35, 34, '2025-06-05 07:03:40', '2025-06-05 07:03:40'),
(417, 299, 3045, 34, '2025-06-05 07:03:40', '2025-06-05 07:03:40'),
(418, 299, 3049, 34, '2025-06-05 07:03:40', '2025-06-05 07:03:40'),
(419, 301, 2209, 26, '2025-06-05 07:03:40', '2025-06-05 07:03:40'),
(420, 301, 2217, 26, '2025-06-05 07:03:40', '2025-06-05 07:03:40'),
(421, 304, 1134, 14, '2025-06-05 07:03:40', '2025-06-05 07:03:40'),
(422, 306, 2256, 29, '2025-06-05 07:03:40', '2025-06-05 07:03:40'),
(423, 306, 2803, 29, '2025-06-05 07:03:40', '2025-06-05 07:03:40'),
(424, 307, 363, 38, '2025-06-05 07:03:40', '2025-06-05 07:03:40'),
(425, 307, 477, 38, '2025-06-05 07:03:40', '2025-06-05 07:03:40'),
(426, 307, 512, 38, '2025-06-05 07:03:40', '2025-06-05 07:03:40'),
(427, 308, 147, 7, '2025-06-05 07:03:40', '2025-06-05 07:03:40'),
(428, 310, 2935, 5, '2025-06-05 07:03:40', '2025-06-05 07:03:40'),
(429, 310, 3184, 5, '2025-06-05 07:03:40', '2025-06-05 07:03:40'),
(430, 310, 3187, 5, '2025-06-05 07:03:40', '2025-06-05 07:03:40'),
(431, 311, 104, 5, '2025-06-05 07:03:40', '2025-06-05 07:03:40'),
(432, 311, 122, 5, '2025-06-05 07:03:40', '2025-06-05 07:03:40'),
(433, 311, 859, 5, '2025-06-05 07:03:40', '2025-06-05 07:03:40'),
(434, 312, 1640, 5, '2025-06-05 07:03:40', '2025-06-05 07:03:40'),
(435, 313, 495, 5, '2025-06-05 07:03:40', '2025-06-05 07:03:40'),
(436, 313, 813, 5, '2025-06-05 07:03:40', '2025-06-05 07:03:40'),
(437, 313, 1424, 5, '2025-06-05 07:03:40', '2025-06-05 07:03:40'),
(438, 314, 3435, 26, '2025-06-05 07:03:40', '2025-06-05 07:03:40'),
(439, 315, 313, 32, '2025-06-05 07:03:40', '2025-06-05 07:03:40'),
(440, 316, 3393, 14, '2025-06-05 07:03:40', '2025-06-05 07:03:40'),
(441, 317, 3263, 14, '2025-06-05 07:03:40', '2025-06-05 07:03:40'),
(442, 318, 2049, 6, '2025-06-05 07:03:40', '2025-06-05 07:03:40'),
(443, 318, 3350, 6, '2025-06-05 07:03:40', '2025-06-05 07:03:40'),
(444, 319, 488, 7, '2025-06-05 07:03:40', '2025-06-05 07:03:40'),
(445, 319, 547, 7, '2025-06-05 07:03:40', '2025-06-05 07:03:40'),
(446, 319, 702, 7, '2025-06-05 07:03:40', '2025-06-05 07:03:40'),
(447, 320, 276, 36, '2025-06-05 07:03:40', '2025-06-05 07:03:40'),
(448, 320, 314, 36, '2025-06-05 07:03:40', '2025-06-05 07:03:40'),
(449, 320, 132, 36, '2025-06-05 07:03:40', '2025-06-05 07:03:40'),
(450, 321, 1304, 22, '2025-06-05 07:03:40', '2025-06-05 07:03:40'),
(451, 322, 1464, 14, '2025-06-05 07:03:40', '2025-06-05 07:03:40'),
(452, 324, 2057, 20, '2025-06-05 07:03:40', '2025-06-05 07:03:40'),
(453, 325, 3431, 7, '2025-06-05 07:03:40', '2025-06-05 07:03:40'),
(454, 326, 105, 7, '2025-06-05 07:03:40', '2025-06-05 07:03:40'),
(455, 327, 1345, 14, '2025-06-05 07:03:40', '2025-06-05 07:03:40'),
(456, 328, 2792, 5, '2025-06-05 07:03:40', '2025-06-05 07:03:40'),
(457, 329, 911, 14, '2025-06-05 07:03:40', '2025-06-05 07:03:40'),
(458, 329, 1970, 14, '2025-06-05 07:03:40', '2025-06-05 07:03:40'),
(459, 329, 3401, 14, '2025-06-05 07:03:40', '2025-06-05 07:03:40'),
(460, 330, 2646, 7, '2025-06-05 07:03:40', '2025-06-05 07:03:40'),
(461, 331, 1832, 26, '2025-06-05 07:03:40', '2025-06-05 07:03:40'),
(462, 332, 1693, 14, '2025-06-05 07:03:40', '2025-06-05 07:03:40'),
(463, 332, 2179, 14, '2025-06-05 07:03:40', '2025-06-05 07:03:40'),
(464, 332, 3356, 14, '2025-06-05 07:03:40', '2025-06-05 07:03:40'),
(465, 337, 2960, 14, '2025-06-05 07:03:40', '2025-06-05 07:03:40'),
(466, 338, 1512, 14, '2025-06-05 07:03:40', '2025-06-05 07:03:40'),
(467, 338, 2378, 14, '2025-06-05 07:03:40', '2025-06-05 07:03:40'),
(468, 342, 1441, 25, '2025-06-05 07:03:40', '2025-06-05 07:03:40'),
(469, 343, 7, 14, '2025-06-05 07:03:40', '2025-06-05 07:03:40'),
(470, 345, 3222, 8, '2025-06-05 07:03:40', '2025-06-05 07:03:40'),
(471, 347, 1163, 14, '2025-06-05 07:03:40', '2025-06-05 07:03:40'),
(472, 347, 3040, 14, '2025-06-05 07:03:40', '2025-06-05 07:03:40'),
(473, 347, 3599, 14, '2025-06-05 07:03:40', '2025-06-05 07:03:40'),
(474, 348, 1607, 14, '2025-06-05 07:03:40', '2025-06-05 07:03:40'),
(475, 348, 3103, 14, '2025-06-05 07:03:40', '2025-06-05 07:03:40'),
(476, 349, 223, 22, '2025-06-05 07:03:40', '2025-06-05 07:03:40'),
(477, 352, 271, 22, '2025-06-05 07:03:40', '2025-06-05 07:03:40'),
(478, 352, 295, 22, '2025-06-05 07:03:40', '2025-06-05 07:03:40'),
(479, 352, 306, 22, '2025-06-05 07:03:40', '2025-06-05 07:03:40'),
(480, 354, 259, 31, '2025-06-05 07:03:40', '2025-06-05 07:03:40'),
(481, 354, 181, 31, '2025-06-05 07:03:40', '2025-06-05 07:03:40'),
(482, 354, 1460, 31, '2025-06-05 07:03:40', '2025-06-05 07:03:40'),
(483, 355, 51, 22, '2025-06-05 07:03:40', '2025-06-05 07:03:40'),
(484, 356, 49, 22, '2025-06-05 07:03:40', '2025-06-05 07:03:40'),
(485, 357, 299, 22, '2025-06-05 07:03:40', '2025-06-05 07:03:40'),
(486, 357, 230, 22, '2025-06-05 07:03:40', '2025-06-05 07:03:40'),
(487, 360, 182, 31, '2025-06-05 07:03:40', '2025-06-05 07:03:40'),
(488, 361, 217, 22, '2025-06-05 07:03:40', '2025-06-05 07:03:40'),
(489, 361, 220, 22, '2025-06-05 07:03:40', '2025-06-05 07:03:40'),
(490, 361, 352, 22, '2025-06-05 07:03:40', '2025-06-05 07:03:40'),
(491, 363, 3640, 22, '2025-06-05 07:03:40', '2025-06-05 07:03:40'),
(492, 364, 2339, 22, '2025-06-05 07:03:40', '2025-06-05 07:03:40'),
(493, 364, 3626, 22, '2025-06-05 07:03:40', '2025-06-05 07:03:40'),
(494, 364, 3643, 22, '2025-06-05 07:03:40', '2025-06-05 07:03:40'),
(495, 365, 748, 22, '2025-06-05 07:03:40', '2025-06-05 07:03:40'),
(496, 365, 2643, 22, '2025-06-05 07:03:40', '2025-06-05 07:03:40'),
(497, 366, 235, 22, '2025-06-05 07:03:40', '2025-06-05 07:03:40'),
(498, 366, 343, 22, '2025-06-05 07:03:40', '2025-06-05 07:03:40'),
(499, 366, 2411, 22, '2025-06-05 07:03:40', '2025-06-05 07:03:40');

-- --------------------------------------------------------

--
-- Структура таблицы `car_models`
--

CREATE TABLE `car_models` (
  `id` bigint(20) UNSIGNED NOT NULL,
  `model_name` varchar(255) NOT NULL,
  `deleted_at` timestamp NULL DEFAULT NULL,
  `created_at` timestamp NULL DEFAULT NULL,
  `updated_at` timestamp NULL DEFAULT NULL
) ENGINE=InnoDB DEFAULT CHARSET=utf8mb4 COLLATE=utf8mb4_unicode_ci;

--
-- Дамп данных таблицы `car_models`
--

INSERT INTO `car_models` (`id`, `model_name`, `deleted_at`, `created_at`, `updated_at`) VALUES
(2, '2', NULL, '2025-06-05 07:03:40', '2025-06-05 07:03:40'),
(3, '3', NULL, '2025-06-05 07:03:40', '2025-06-05 07:03:40'),
(5, '5', NULL, '2025-06-05 07:03:40', '2025-06-05 07:03:40'),
(6, '6', NULL, '2025-06-05 07:03:40', '2025-06-05 07:03:40'),
(7, '7', NULL, '2025-06-05 07:03:40', '2025-06-05 07:03:40'),
(9, '9', NULL, '2025-06-05 07:03:40', '2025-06-05 07:03:40'),
(11, '11', NULL, '2025-06-05 07:03:40', '2025-06-05 07:03:40'),
(12, '12', NULL, '2025-06-05 07:03:40', '2025-06-05 07:03:40'),
(13, '14', NULL, '2025-06-05 07:03:40', '2025-06-05 07:03:40'),
(14, '15', NULL, '2025-06-05 07:03:40', '2025-06-05 07:03:40'),
(17, '18', NULL, '2025-06-05 07:03:40', '2025-06-05 07:03:40'),
(21, '24', NULL, '2025-06-05 07:03:40', '2025-06-05 07:03:40'),
(30, '62', NULL, '2025-06-05 07:03:40', '2025-06-05 07:03:40'),
(34, '75', NULL, '2025-06-05 07:03:40', '2025-06-05 07:03:40'),
(35, '77', NULL, '2025-06-05 07:03:40', '2025-06-05 07:03:40'),
(45, '104', NULL, '2025-06-05 07:03:40', '2025-06-05 07:03:40'),
(48, '108', NULL, '2025-06-05 07:03:40', '2025-06-05 07:03:40'),
(49, '110', NULL, '2025-06-05 07:03:40', '2025-06-05 07:03:40'),
(51, '114', NULL, '2025-06-05 07:03:40', '2025-06-05 07:03:40'),
(53, '121', NULL, '2025-06-05 07:03:40', '2025-06-05 07:03:40'),
(56, '126', NULL, '2025-06-05 07:03:40', '2025-06-05 07:03:40'),
(59, '130', NULL, '2025-06-05 07:03:40', '2025-06-05 07:03:40'),
(63, '145', NULL, '2025-06-05 07:03:40', '2025-06-05 07:03:40'),
(73, '200', NULL, '2025-06-05 07:03:40', '2025-06-05 07:03:40'),
(75, '202', NULL, '2025-06-05 07:03:40', '2025-06-05 07:03:40'),
(87, '296', NULL, '2025-06-05 07:03:40', '2025-06-05 07:03:40'),
(104, '350', NULL, '2025-06-05 07:03:40', '2025-06-05 07:03:40'),
(105, '353', NULL, '2025-06-05 07:03:40', '2025-06-05 07:03:40'),
(107, '360', NULL, '2025-06-05 07:03:40', '2025-06-05 07:03:40'),
(110, '400', NULL, '2025-06-05 07:03:40', '2025-06-05 07:03:40'),
(122, '420', NULL, '2025-06-05 07:03:40', '2025-06-05 07:03:40'),
(132, '460', NULL, '2025-06-05 07:03:40', '2025-06-05 07:03:40'),
(136, '500', NULL, '2025-06-05 07:03:40', '2025-06-05 07:03:40'),
(145, '580', NULL, '2025-06-05 07:03:40', '2025-06-05 07:03:40'),
(147, '600', NULL, '2025-06-05 07:03:40', '2025-06-05 07:03:40'),
(160, '800', NULL, '2025-06-05 07:03:40', '2025-06-05 07:03:40'),
(167, '853', NULL, '2025-06-05 07:03:40', '2025-06-05 07:03:40'),
(168, '900', NULL, '2025-06-05 07:03:40', '2025-06-05 07:03:40'),
(170, '912', NULL, '2025-06-05 07:03:40', '2025-06-05 07:03:40'),
(181, '966', NULL, '2025-06-05 07:03:40', '2025-06-05 07:03:40'),
(182, '967', NULL, '2025-06-05 07:03:40', '2025-06-05 07:03:40'),
(189, '1307', NULL, '2025-06-05 07:03:40', '2025-06-05 07:03:40'),
(190, '1310', NULL, '2025-06-05 07:03:40', '2025-06-05 07:03:40'),
(198, '2018', NULL, '2025-06-05 07:03:40', '2025-06-05 07:03:40'),
(199, '2101', NULL, '2025-06-05 07:03:40', '2025-06-05 07:03:40'),
(202, '2104', NULL, '2025-06-05 07:03:40', '2025-06-05 07:03:40'),
(205, '2107', NULL, '2025-06-05 07:03:40', '2025-06-05 07:03:40'),
(217, '2137', NULL, '2025-06-05 07:03:40', '2025-06-05 07:03:40'),
(220, '2141', NULL, '2025-06-05 07:03:40', '2025-06-05 07:03:40'),
(223, '2163', NULL, '2025-06-05 07:03:40', '2025-06-05 07:03:40'),
(230, '2717', NULL, '2025-06-05 07:03:40', '2025-06-05 07:03:40'),
(231, '3000', NULL, '2025-06-05 07:03:40', '2025-06-05 07:03:40'),
(235, '3153', NULL, '2025-06-05 07:03:40', '2025-06-05 07:03:40'),
(248, '#3', NULL, '2025-06-05 07:03:40', '2025-06-05 07:03:40'),
(250, '1 серии', NULL, '2025-06-05 07:03:40', '2025-06-05 07:03:40'),
(256, '105, 120', NULL, '2025-06-05 07:03:40', '2025-06-05 07:03:40'),
(259, '1103 «Славута»', NULL, '2025-06-05 07:03:40', '2025-06-05 07:03:40'),
(265, '124 Spider', NULL, '2025-06-05 07:03:40', '2025-06-05 07:03:40'),
(268, '126p', NULL, '2025-06-05 07:03:40', '2025-06-05 07:03:40'),
(271, '13 «Чайка»', NULL, '2025-06-05 07:03:40', '2025-06-05 07:03:40'),
(276, '140 Series', NULL, '2025-06-05 07:03:40', '2025-06-05 07:03:40'),
(277, '180SX', NULL, '2025-06-05 07:03:40', '2025-06-05 07:03:40'),
(279, '190 SL', NULL, '2025-06-05 07:03:40', '2025-06-05 07:03:40'),
(285, '20/25', NULL, '2025-06-05 07:03:40', '2025-06-05 07:03:40'),
(294, '208/308', NULL, '2025-06-05 07:03:40', '2025-06-05 07:03:40'),
(295, '21 «Волга»', NULL, '2025-06-05 07:03:40', '2025-06-05 07:03:40'),
(299, '2126 «Ода»', NULL, '2025-06-05 07:03:40', '2025-06-05 07:03:40'),
(306, '2330 «Тигр»', NULL, '2025-06-05 07:03:40', '2025-06-05 07:03:40'),
(310, '240Z', NULL, '2025-06-05 07:03:40', '2025-06-05 07:03:40'),
(313, '260 LM', NULL, '2025-06-05 07:03:40', '2025-06-05 07:03:40'),
(314, '260 Series', NULL, '2025-06-05 07:03:40', '2025-06-05 07:03:40'),
(316, '280ZX', NULL, '2025-06-05 07:03:40', '2025-06-05 07:03:40'),
(319, '3 Crossback', NULL, '2025-06-05 07:03:40', '2025-06-05 07:03:40'),
(343, '3162 Simbir', NULL, '2025-06-05 07:03:40', '2025-06-05 07:03:40'),
(344, '3200 GT', NULL, '2025-06-05 07:03:40', '2025-06-05 07:03:40'),
(349, '370Z', NULL, '2025-06-05 07:03:40', '2025-06-05 07:03:40'),
(350, '378 GT Zagato', NULL, '2025-06-05 07:03:40', '2025-06-05 07:03:40'),
(351, '3-Eleven', NULL, '2025-06-05 07:03:40', '2025-06-05 07:03:40'),
(352, '3е', NULL, '2025-06-05 07:03:40', '2025-06-05 07:03:40'),
(354, '4 Seater', NULL, '2025-06-05 07:03:40', '2025-06-05 07:03:40'),
(363, '4Runner', NULL, '2025-06-05 07:03:40', '2025-06-05 07:03:40'),
(364, '5 EV', NULL, '2025-06-05 07:03:40', '2025-06-05 07:03:40'),
(372, '570GT', NULL, '2025-06-05 07:03:40', '2025-06-05 07:03:40'),
(377, '6 Pro', NULL, '2025-06-05 07:03:40', '2025-06-05 07:03:40'),
(383, '650S', NULL, '2025-06-05 07:03:40', '2025-06-05 07:03:40'),
(387, '7 Crossback', NULL, '2025-06-05 07:03:40', '2025-06-05 07:03:40'),
(390, '718 Spyder', NULL, '2025-06-05 07:03:40', '2025-06-05 07:03:40'),
(392, '750S', NULL, '2025-06-05 07:03:40', '2025-06-05 07:03:40'),
(394, '7X', NULL, '2025-06-05 07:03:40', '2025-06-05 07:03:40'),
(400, '911 GT3', NULL, '2025-06-05 07:03:40', '2025-06-05 07:03:40'),
(404, '9-2X', NULL, '2025-06-05 07:03:40', '2025-06-05 07:03:40'),
(407, '09.май', NULL, '2025-06-05 07:03:40', '2025-06-05 07:03:40'),
(411, 'A06', NULL, '2025-06-05 07:03:40', '2025-06-05 07:03:40'),
(412, 'A07', NULL, '2025-06-05 07:03:40', '2025-06-05 07:03:40'),
(418, 'A310', NULL, '2025-06-05 07:03:40', '2025-06-05 07:03:40'),
(419, 'A4', NULL, '2025-06-05 07:03:40', '2025-06-05 07:03:40'),
(422, 'A6', NULL, '2025-06-05 07:03:40', '2025-06-05 07:03:40'),
(428, 'Acadia', NULL, '2025-06-05 07:03:40', '2025-06-05 07:03:40'),
(431, 'Accord', NULL, '2025-06-05 07:03:40', '2025-06-05 07:03:40'),
(433, 'Ace M7', NULL, '2025-06-05 07:03:40', '2025-06-05 07:03:40'),
(434, 'Aceca', NULL, '2025-06-05 07:03:40', '2025-06-05 07:03:40'),
(439, 'Actyon Sports', NULL, '2025-06-05 07:03:40', '2025-06-05 07:03:40'),
(441, 'Adam', NULL, '2025-06-05 07:03:40', '2025-06-05 07:03:40'),
(443, 'Aeolus E70', NULL, '2025-06-05 07:03:40', '2025-06-05 07:03:40'),
(446, 'Aeolus Yixuan', NULL, '2025-06-05 07:03:40', '2025-06-05 07:03:40'),
(449, 'Aerio', NULL, '2025-06-05 07:03:40', '2025-06-05 07:03:40'),
(451, 'Aero Coupe', NULL, '2025-06-05 07:03:40', '2025-06-05 07:03:40'),
(464, 'Alero', NULL, '2025-06-05 07:03:40', '2025-06-05 07:03:40'),
(467, 'Alhambra', NULL, '2025-06-05 07:03:40', '2025-06-05 07:03:40'),
(476, 'Alpha T', NULL, '2025-06-05 07:03:40', '2025-06-05 07:03:40'),
(477, 'Alphard', NULL, '2025-06-05 07:03:40', '2025-06-05 07:03:40'),
(480, 'Alsvin V7', NULL, '2025-06-05 07:03:40', '2025-06-05 07:03:40'),
(488, 'Amarok', NULL, '2025-06-05 07:03:40', '2025-06-05 07:03:40'),
(489, 'Ambassador', NULL, '2025-06-05 07:03:40', '2025-06-05 07:03:40'),
(492, 'Ami', NULL, '2025-06-05 07:03:40', '2025-06-05 07:03:40'),
(494, 'Amigo', NULL, '2025-06-05 07:03:40', '2025-06-05 07:03:40'),
(495, 'Ampera', NULL, '2025-06-05 07:03:40', '2025-06-05 07:03:40'),
(497, 'Anglia', NULL, '2025-06-05 07:03:40', '2025-06-05 07:03:40'),
(500, 'Apache', NULL, '2025-06-05 07:03:40', '2025-06-05 07:03:40'),
(502, 'Appia', NULL, '2025-06-05 07:03:40', '2025-06-05 07:03:40'),
(503, 'Applause', NULL, '2025-06-05 07:03:40', '2025-06-05 07:03:40'),
(504, 'APV', NULL, '2025-06-05 07:03:40', '2025-06-05 07:03:40'),
(507, 'Arcadia', NULL, '2025-06-05 07:03:40', '2025-06-05 07:03:40'),
(511, 'Aries', NULL, '2025-06-05 07:03:40', '2025-06-05 07:03:40'),
(512, 'Aristo', NULL, '2025-06-05 07:03:40', '2025-06-05 07:03:40'),
(520, 'Arosa', NULL, '2025-06-05 07:03:40', '2025-06-05 07:03:40'),
(521, 'Arrizo 3', NULL, '2025-06-05 07:03:40', '2025-06-05 07:03:40'),
(524, 'Arrizo 5 Plus', NULL, '2025-06-05 07:03:40', '2025-06-05 07:03:40'),
(534, 'Ascot', NULL, '2025-06-05 07:03:40', '2025-06-05 07:03:40'),
(537, 'Aslan', NULL, '2025-06-05 07:03:40', '2025-06-05 07:03:40'),
(541, 'Astra', NULL, '2025-06-05 07:03:40', '2025-06-05 07:03:40'),
(544, 'ASX', NULL, '2025-06-05 07:03:40', '2025-06-05 07:03:40'),
(547, 'Atlas', NULL, '2025-06-05 07:03:40', '2025-06-05 07:03:40'),
(549, 'Atlas Pro', NULL, '2025-06-05 07:03:40', '2025-06-05 07:03:40'),
(553, 'ATS', NULL, '2025-06-05 07:03:40', '2025-06-05 07:03:40'),
(557, 'Aura', NULL, '2025-06-05 07:03:40', '2025-06-05 07:03:40'),
(561, 'Aurora', NULL, '2025-06-05 07:03:40', '2025-06-05 07:03:40'),
(571, 'Avante N', NULL, '2025-06-05 07:03:40', '2025-06-05 07:03:40'),
(575, 'Avenger', NULL, '2025-06-05 07:03:40', '2025-06-05 07:03:40'),
(579, 'Aventador', NULL, '2025-06-05 07:03:40', '2025-06-05 07:03:40'),
(586, 'Axiom', NULL, '2025-06-05 07:03:40', '2025-06-05 07:03:40'),
(592, 'Aztek', NULL, '2025-06-05 07:03:40', '2025-06-05 07:03:40'),
(593, 'Azure', NULL, '2025-06-05 07:03:40', '2025-06-05 07:03:40'),
(596, 'A-Класс AMG', NULL, '2025-06-05 07:03:40', '2025-06-05 07:03:40'),
(602, 'B2', NULL, '2025-06-05 07:03:40', '2025-06-05 07:03:40'),
(611, 'Baja', NULL, '2025-06-05 07:03:40', '2025-06-05 07:03:40'),
(613, 'Ballade', NULL, '2025-06-05 07:03:40', '2025-06-05 07:03:40'),
(614, 'Ballet Cat', NULL, '2025-06-05 07:03:40', '2025-06-05 07:03:40'),
(617, 'Barchetta Stradale', NULL, '2025-06-05 07:03:40', '2025-06-05 07:03:40'),
(619, 'Barracuda', NULL, '2025-06-05 07:03:40', '2025-06-05 07:03:40'),
(625, 'BD326J (Moca)', NULL, '2025-06-05 07:03:40', '2025-06-05 07:03:40'),
(630, 'Bee', NULL, '2025-06-05 07:03:40', '2025-06-05 07:03:40'),
(643, 'Bestune B70S', NULL, '2025-06-05 07:03:40', '2025-06-05 07:03:40'),
(646, 'Bestune T55', NULL, '2025-06-05 07:03:40', '2025-06-05 07:03:40'),
(649, 'Bestune T99', NULL, '2025-06-05 07:03:40', '2025-06-05 07:03:40'),
(660, 'Binrui', NULL, '2025-06-05 07:03:40', '2025-06-05 07:03:40'),
(663, 'Binyue Cool', NULL, '2025-06-05 07:03:40', '2025-06-05 07:03:40'),
(667, 'BJ2020', NULL, '2025-06-05 07:03:40', '2025-06-05 07:03:40'),
(678, 'Blackwood', NULL, '2025-06-05 07:03:40', '2025-06-05 07:03:40'),
(683, 'Blenheim Speedster', NULL, '2025-06-05 07:03:40', '2025-06-05 07:03:40'),
(691, 'Bolero', NULL, '2025-06-05 07:03:40', '2025-06-05 07:03:40'),
(692, 'Boliger', NULL, '2025-06-05 07:03:40', '2025-06-05 07:03:40'),
(702, 'Bora', NULL, '2025-06-05 07:03:40', '2025-06-05 07:03:40'),
(703, 'Born', NULL, '2025-06-05 07:03:40', '2025-06-05 07:03:40'),
(704, 'Borrego', NULL, '2025-06-05 07:03:40', '2025-06-05 07:03:40'),
(709, 'Brat', NULL, '2025-06-05 07:03:40', '2025-06-05 07:03:40'),
(713, 'Breez (520)', NULL, '2025-06-05 07:03:40', '2025-06-05 07:03:40'),
(718, 'Bronco', NULL, '2025-06-05 07:03:40', '2025-06-05 07:03:40'),
(727, 'Buddy', NULL, '2025-06-05 07:03:40', '2025-06-05 07:03:40'),
(730, 'BX5', NULL, '2025-06-05 07:03:40', '2025-06-05 07:03:40'),
(733, 'B-Класс', NULL, '2025-06-05 07:03:40', '2025-06-05 07:03:40'),
(738, 'C10', NULL, '2025-06-05 07:03:40', '2025-06-05 07:03:40'),
(748, 'C-30', NULL, '2025-06-05 07:03:40', '2025-06-05 07:03:40'),
(750, 'C32', NULL, '2025-06-05 07:03:40', '2025-06-05 07:03:40'),
(763, 'C61', NULL, '2025-06-05 07:03:40', '2025-06-05 07:03:40'),
(765, 'C8', NULL, '2025-06-05 07:03:40', '2025-06-05 07:03:40'),
(790, 'Caprice', NULL, '2025-06-05 07:03:40', '2025-06-05 07:03:40'),
(794, 'Cara', NULL, '2025-06-05 07:03:40', '2025-06-05 07:03:40'),
(795, 'Caravan', NULL, '2025-06-05 07:03:40', '2025-06-05 07:03:40'),
(797, 'Carens', NULL, '2025-06-05 07:03:40', '2025-06-05 07:03:40'),
(801, 'Carisma', NULL, '2025-06-05 07:03:40', '2025-06-05 07:03:40'),
(809, 'Casper', NULL, '2025-06-05 07:03:40', '2025-06-05 07:03:40'),
(813, 'Cavalier', NULL, '2025-06-05 07:03:40', '2025-06-05 07:03:40'),
(817, 'CC8S', NULL, '2025-06-05 07:03:40', '2025-06-05 07:03:40'),
(824, 'Ceed', NULL, '2025-06-05 07:03:40', '2025-06-05 07:03:40'),
(838, 'Century', NULL, '2025-06-05 07:03:40', '2025-06-05 07:03:40'),
(850, 'Charger Daytona', NULL, '2025-06-05 07:03:40', '2025-06-05 07:03:40'),
(854, 'Cherokee', NULL, '2025-06-05 07:03:40', '2025-06-05 07:03:40'),
(859, 'Chimaera', NULL, '2025-06-05 07:03:40', '2025-06-05 07:03:40'),
(864, 'Chubasco', NULL, '2025-06-05 07:03:40', '2025-06-05 07:03:40'),
(895, 'Clipper', NULL, '2025-06-05 07:03:40', '2025-06-05 07:03:40'),
(903, 'Clubman', NULL, '2025-06-05 07:03:40', '2025-06-05 07:03:40'),
(908, 'C-MAX', NULL, '2025-06-05 07:03:40', '2025-06-05 07:03:40'),
(911, 'Coffee 01', NULL, '2025-06-05 07:03:40', '2025-06-05 07:03:40'),
(912, 'Colony Park', NULL, '2025-06-05 07:03:40', '2025-06-05 07:03:40'),
(915, 'Colt Vista', NULL, '2025-06-05 07:03:40', '2025-06-05 07:03:40'),
(919, 'Commander', NULL, '2025-06-05 07:03:40', '2025-06-05 07:03:40'),
(925, 'Concept_One', NULL, '2025-06-05 07:03:40', '2025-06-05 07:03:40'),
(930, 'Contessa', NULL, '2025-06-05 07:03:40', '2025-06-05 07:03:40'),
(942, 'Corniche', NULL, '2025-06-05 07:03:40', '2025-06-05 07:03:40'),
(955, 'Corsair', NULL, '2025-06-05 07:03:40', '2025-06-05 07:03:40'),
(963, 'Countach LPI 800-4', NULL, '2025-06-05 07:03:40', '2025-06-05 07:03:40'),
(969, 'Cowry (V80)', NULL, '2025-06-05 07:03:40', '2025-06-05 07:03:40'),
(1004, 'CSR', NULL, '2025-06-05 07:03:40', '2025-06-05 07:03:40'),
(1026, 'Cutlass', NULL, '2025-06-05 07:03:40', '2025-06-05 07:03:40'),
(1029, 'Cutlass Supreme', NULL, '2025-06-05 07:03:40', '2025-06-05 07:03:40'),
(1046, 'Cygnet', NULL, '2025-06-05 07:03:40', '2025-06-05 07:03:40'),
(1057, 'D5', NULL, '2025-06-05 07:03:40', '2025-06-05 07:03:40'),
(1058, 'D6', NULL, '2025-06-05 07:03:40', '2025-06-05 07:03:40'),
(1061, 'D7', NULL, '2025-06-05 07:03:40', '2025-06-05 07:03:40'),
(1063, 'D8 Cosworth', NULL, '2025-06-05 07:03:40', '2025-06-05 07:03:40'),
(1066, 'D8 Zetec', NULL, '2025-06-05 07:03:40', '2025-06-05 07:03:40'),
(1068, 'D90', NULL, '2025-06-05 07:03:40', '2025-06-05 07:03:40'),
(1069, 'Dadao', NULL, '2025-06-05 07:03:40', '2025-06-05 07:03:40'),
(1070, 'DaGou (Big Dog)', NULL, '2025-06-05 07:03:40', '2025-06-05 07:03:40'),
(1092, 'Dedra', NULL, '2025-06-05 07:03:40', '2025-06-05 07:03:40'),
(1101, 'Deluxe', NULL, '2025-06-05 07:03:40', '2025-06-05 07:03:40'),
(1104, 'Dena', NULL, '2025-06-05 07:03:40', '2025-06-05 07:03:40'),
(1106, 'Destroyer 05', NULL, '2025-06-05 07:03:40', '2025-06-05 07:03:40'),
(1124, 'Discovery', NULL, '2025-06-05 07:03:40', '2025-06-05 07:03:40'),
(1126, 'Divo', NULL, '2025-06-05 07:03:40', '2025-06-05 07:03:40'),
(1127, 'D-Max', NULL, '2025-06-05 07:03:40', '2025-06-05 07:03:40'),
(1134, 'Dragon', NULL, '2025-06-05 07:03:40', '2025-06-05 07:03:40'),
(1147, 'DX3', NULL, '2025-06-05 07:03:40', '2025-06-05 07:03:40'),
(1150, 'DX8', NULL, '2025-06-05 07:03:40', '2025-06-05 07:03:40'),
(1156, 'E V12', NULL, '2025-06-05 07:03:40', '2025-06-05 07:03:40'),
(1163, 'E200', NULL, '2025-06-05 07:03:40', '2025-06-05 07:03:40'),
(1164, 'E3', NULL, '2025-06-05 07:03:40', '2025-06-05 07:03:40'),
(1170, 'E9', NULL, '2025-06-05 07:03:40', '2025-06-05 07:03:40'),
(1176, 'EB Veyron 16.4', NULL, '2025-06-05 07:03:40', '2025-06-05 07:03:40'),
(1180, 'EC7', NULL, '2025-06-05 07:03:40', '2025-06-05 07:03:40'),
(1198, 'E-HS9', NULL, '2025-06-05 07:03:40', '2025-06-05 07:03:40'),
(1211, 'Elan', NULL, '2025-06-05 07:03:40', '2025-06-05 07:03:40'),
(1223, 'Elite', NULL, '2025-06-05 07:03:40', '2025-06-05 07:03:40'),
(1252, 'Enyaq', NULL, '2025-06-05 07:03:40', '2025-06-05 07:03:40'),
(1255, 'Enyaq RS', NULL, '2025-06-05 07:03:40', '2025-06-05 07:03:40'),
(1281, 'ES', NULL, '2025-06-05 07:03:40', '2025-06-05 07:03:40'),
(1284, 'ES8', NULL, '2025-06-05 07:03:40', '2025-06-05 07:03:40'),
(1285, 'ES9', NULL, '2025-06-05 07:03:40', '2025-06-05 07:03:40'),
(1294, 'Espada', NULL, '2025-06-05 07:03:40', '2025-06-05 07:03:40'),
(1296, 'Espero', NULL, '2025-06-05 07:03:40', '2025-06-05 07:03:40'),
(1300, 'Estate', NULL, '2025-06-05 07:03:40', '2025-06-05 07:03:40'),
(1302, 'Esteem', NULL, '2025-06-05 07:03:40', '2025-06-05 07:03:40'),
(1304, 'Estina', NULL, '2025-06-05 07:03:40', '2025-06-05 07:03:40'),
(1315, 'E-type', NULL, '2025-06-05 07:03:40', '2025-06-05 07:03:40'),
(1345, 'EX5', NULL, '2025-06-05 07:03:40', '2025-06-05 07:03:40'),
(1353, 'Exeo', NULL, '2025-06-05 07:03:40', '2025-06-05 07:03:40'),
(1356, 'Exora', NULL, '2025-06-05 07:03:40', '2025-06-05 07:03:40'),
(1380, 'F7', NULL, '2025-06-05 07:03:40', '2025-06-05 07:03:40'),
(1412, 'Fiero', NULL, '2025-06-05 07:03:40', '2025-06-05 07:03:40'),
(1424, 'Firenza', NULL, '2025-06-05 07:03:40', '2025-06-05 07:03:40'),
(1435, 'Flavia', NULL, '2025-06-05 07:03:40', '2025-06-05 07:03:40'),
(1441, 'Florida', NULL, '2025-06-05 07:03:40', '2025-06-05 07:03:40'),
(1459, 'Forward', NULL, '2025-06-05 07:03:40', '2025-06-05 07:03:40'),
(1460, 'Forza', NULL, '2025-06-05 07:03:40', '2025-06-05 07:03:40'),
(1464, 'Free', NULL, '2025-06-05 07:03:40', '2025-06-05 07:03:40'),
(1477, 'Frontera', NULL, '2025-06-05 07:03:40', '2025-06-05 07:03:40'),
(1497, 'FX', NULL, '2025-06-05 07:03:40', '2025-06-05 07:03:40'),
(1503, 'G01F', NULL, '2025-06-05 07:03:40', '2025-06-05 07:03:40'),
(1506, 'G20', NULL, '2025-06-05 07:03:40', '2025-06-05 07:03:40'),
(1509, 'G4', NULL, '2025-06-05 07:03:40', '2025-06-05 07:03:40'),
(1512, 'G6', NULL, '2025-06-05 07:03:40', '2025-06-05 07:03:40'),
(1515, 'G80', NULL, '2025-06-05 07:03:40', '2025-06-05 07:03:40'),
(1517, 'G90', NULL, '2025-06-05 07:03:40', '2025-06-05 07:03:40'),
(1520, 'GA8', NULL, '2025-06-05 07:03:40', '2025-06-05 07:03:40'),
(1552, 'Ghost', NULL, '2025-06-05 07:03:40', '2025-06-05 07:03:40'),
(1600, 'Grand Cherokee', NULL, '2025-06-05 07:03:40', '2025-06-05 07:03:40'),
(1604, 'Grand Marquis', NULL, '2025-06-05 07:03:40', '2025-06-05 07:03:40'),
(1607, 'Grand Tiger', NULL, '2025-06-05 07:03:40', '2025-06-05 07:03:40'),
(1626, 'GS5', NULL, '2025-06-05 07:03:40', '2025-06-05 07:03:40'),
(1628, 'GSE/Yi', NULL, '2025-06-05 07:03:40', '2025-06-05 07:03:40'),
(1638, 'GTE', NULL, '2025-06-05 07:03:40', '2025-06-05 07:03:40'),
(1640, 'GTR', NULL, '2025-06-05 07:03:40', '2025-06-05 07:03:40'),
(1646, 'GV70', NULL, '2025-06-05 07:03:40', '2025-06-05 07:03:40'),
(1649, 'GX', NULL, '2025-06-05 07:03:40', '2025-06-05 07:03:40'),
(1656, 'H2', NULL, '2025-06-05 07:03:40', '2025-06-05 07:03:40'),
(1659, 'H2s', NULL, '2025-06-05 07:03:40', '2025-06-05 07:03:40'),
(1663, 'H5', NULL, '2025-06-05 07:03:40', '2025-06-05 07:03:40'),
(1670, 'H9', NULL, '2025-06-05 07:03:40', '2025-06-05 07:03:40'),
(1672, 'Haise S', NULL, '2025-06-05 07:03:40', '2025-06-05 07:03:40'),
(1678, 'Hatch', NULL, '2025-06-05 07:03:40', '2025-06-05 07:03:40'),
(1681, 'Hemera', NULL, '2025-06-05 07:03:40', '2025-06-05 07:03:40'),
(1689, 'Himiko', NULL, '2025-06-05 07:03:40', '2025-06-05 07:03:40'),
(1693, 'Hongguang S', NULL, '2025-06-05 07:03:40', '2025-06-05 07:03:40'),
(1695, 'Horizon', NULL, '2025-06-05 07:03:40', '2025-06-05 07:03:40'),
(1697, 'Hover', NULL, '2025-06-05 07:03:40', '2025-06-05 07:03:40'),
(1700, 'Hover H6', NULL, '2025-06-05 07:03:40', '2025-06-05 07:03:40'),
(1707, 'HS', NULL, '2025-06-05 07:03:40', '2025-06-05 07:03:40'),
(1711, 'HT-i', NULL, '2025-06-05 07:03:40', '2025-06-05 07:03:40'),
(1713, 'Hummer EV', NULL, '2025-06-05 07:03:40', '2025-06-05 07:03:40'),
(1720, 'Hyper HT', NULL, '2025-06-05 07:03:40', '2025-06-05 07:03:40'),
(1732, 'i5', NULL, '2025-06-05 07:03:40', '2025-06-05 07:03:40'),
(1737, 'iA', NULL, '2025-06-05 07:03:40', '2025-06-05 07:03:40'),
(1750, 'iEV7L', NULL, '2025-06-05 07:03:40', '2025-06-05 07:03:40'),
(1753, 'iEVS4', NULL, '2025-06-05 07:03:40', '2025-06-05 07:03:40'),
(1756, 'i-JOY', NULL, '2025-06-05 07:03:40', '2025-06-05 07:03:40'),
(1761, 'iMAX8', NULL, '2025-06-05 07:03:40', '2025-06-05 07:03:40'),
(1764, 'Imperator 108i', NULL, '2025-06-05 07:03:40', '2025-06-05 07:03:40'),
(1792, 'I-Pace', NULL, '2025-06-05 07:03:40', '2025-06-05 07:03:40'),
(1796, 'Iriz', NULL, '2025-06-05 07:03:40', '2025-06-05 07:03:40'),
(1798, 'IS F', NULL, '2025-06-05 07:03:40', '2025-06-05 07:03:40'),
(1802, 'i-SPACE', NULL, '2025-06-05 07:03:40', '2025-06-05 07:03:40'),
(1816, 'J', NULL, '2025-06-05 07:03:40', '2025-06-05 07:03:40'),
(1819, 'J4 (Heyue A30)', NULL, '2025-06-05 07:03:40', '2025-06-05 07:03:40'),
(1824, 'J8', NULL, '2025-06-05 07:03:40', '2025-06-05 07:03:40'),
(1832, 'Jeepster', NULL, '2025-06-05 07:03:40', '2025-06-05 07:03:40'),
(1833, 'Jesko', NULL, '2025-06-05 07:03:40', '2025-06-05 07:03:40'),
(1856, 'K150GT', NULL, '2025-06-05 07:03:40', '2025-06-05 07:03:40'),
(1871, 'Kallista', NULL, '2025-06-05 07:03:40', '2025-06-05 07:03:40'),
(1874, 'Kancil', NULL, '2025-06-05 07:03:40', '2025-06-05 07:03:40'),
(1892, 'Kenari', NULL, '2025-06-05 07:03:40', '2025-06-05 07:03:40'),
(1896, 'Kiwi EV', NULL, '2025-06-05 07:03:40', '2025-06-05 07:03:40'),
(1908, 'Kondor', NULL, '2025-06-05 07:03:40', '2025-06-05 07:03:40'),
(1911, 'Korando Sports', NULL, '2025-06-05 07:03:40', '2025-06-05 07:03:40'),
(1931, 'L7', NULL, '2025-06-05 07:03:40', '2025-06-05 07:03:40'),
(1934, 'La Joya', NULL, '2025-06-05 07:03:40', '2025-06-05 07:03:40'),
(1954, 'Landscape', NULL, '2025-06-05 07:03:40', '2025-06-05 07:03:40'),
(1958, 'Lanos', NULL, '2025-06-05 07:03:40', '2025-06-05 07:03:40'),
(1970, 'Latte', NULL, '2025-06-05 07:03:40', '2025-06-05 07:03:40'),
(2006, 'Liebao Leopard', NULL, '2025-06-05 07:03:40', '2025-06-05 07:03:40'),
(2009, 'Lightning Cat', NULL, '2025-06-05 07:03:40', '2025-06-05 07:03:40'),
(2015, 'Lingzhi M5', NULL, '2025-06-05 07:03:40', '2025-06-05 07:03:40'),
(2021, 'LM 400', NULL, '2025-06-05 07:03:40', '2025-06-05 07:03:40'),
(2032, 'LS6', NULL, '2025-06-05 07:03:40', '2025-06-05 07:03:40'),
(2049, 'LUX SA2.0', NULL, '2025-06-05 07:03:40', '2025-06-05 07:03:40'),
(2051, 'Luxgen7 MPV', NULL, '2025-06-05 07:03:40', '2025-06-05 07:03:40'),
(2053, 'LW', NULL, '2025-06-05 07:03:40', '2025-06-05 07:03:40'),
(2054, 'LX', NULL, '2025-06-05 07:03:40', '2025-06-05 07:03:40'),
(2057, 'Lykan Hypersport', NULL, '2025-06-05 07:03:40', '2025-06-05 07:03:40'),
(2061, 'M.Go', NULL, '2025-06-05 07:03:40', '2025-06-05 07:03:40'),
(2068, 'M15', NULL, '2025-06-05 07:03:40', '2025-06-05 07:03:40'),
(2073, 'M3 (BC3)', NULL, '2025-06-05 07:03:40', '2025-06-05 07:03:40'),
(2079, 'M7', NULL, '2025-06-05 07:03:40', '2025-06-05 07:03:40'),
(2080, 'M8', NULL, '2025-06-05 07:03:40', '2025-06-05 07:03:40'),
(2098, 'Marcasite', NULL, '2025-06-05 07:03:40', '2025-06-05 07:03:40'),
(2103, 'Marina', NULL, '2025-06-05 07:03:40', '2025-06-05 07:03:40'),
(2108, 'Mark IV', NULL, '2025-06-05 07:03:40', '2025-06-05 07:03:40'),
(2116, 'Marquis', NULL, '2025-06-05 07:03:40', '2025-06-05 07:03:40'),
(2118, 'Mars 9', NULL, '2025-06-05 07:03:40', '2025-06-05 07:03:40'),
(2120, 'Marvel R', NULL, '2025-06-05 07:03:40', '2025-06-05 07:03:40'),
(2127, 'Matiz', NULL, '2025-06-05 07:03:40', '2025-06-05 07:03:40'),
(2142, 'MC-1', NULL, '2025-06-05 07:03:40', '2025-06-05 07:03:40'),
(2147, 'ME7', NULL, '2025-06-05 07:03:40', '2025-06-05 07:03:40'),
(2149, 'Mega', NULL, '2025-06-05 07:03:40', '2025-06-05 07:03:40'),
(2164, 'Metrocab II (TTT)', NULL, '2025-06-05 07:03:40', '2025-06-05 07:03:40'),
(2176, 'Mille', NULL, '2025-06-05 07:03:40', '2025-06-05 07:03:40'),
(2179, 'Mini EV', NULL, '2025-06-05 07:03:40', '2025-06-05 07:03:40'),
(2182, 'Minyi', NULL, '2025-06-05 07:03:40', '2025-06-05 07:03:40'),
(2202, 'ML 63 Biturbo', NULL, '2025-06-05 07:03:40', '2025-06-05 07:03:40'),
(2209, 'Model 3', NULL, '2025-06-05 07:03:40', '2025-06-05 07:03:40'),
(2217, 'Model Y', NULL, '2025-06-05 07:03:40', '2025-06-05 07:03:40'),
(2228, 'Monte Carlo', NULL, '2025-06-05 07:03:40', '2025-06-05 07:03:40'),
(2256, 'Murat 124', NULL, '2025-06-05 07:03:40', '2025-06-05 07:03:40'),
(2260, 'Murman (820)', NULL, '2025-06-05 07:03:40', '2025-06-05 07:03:40'),
(2278, 'N7', NULL, '2025-06-05 07:03:40', '2025-06-05 07:03:40'),
(2282, 'Nano', NULL, '2025-06-05 07:03:40', '2025-06-05 07:03:40'),
(2292, 'NC 640 DP', NULL, '2025-06-05 07:03:40', '2025-06-05 07:03:40'),
(2296, 'Neta S', NULL, '2025-06-05 07:03:40', '2025-06-05 07:03:40'),
(2299, 'Neta V', NULL, '2025-06-05 07:03:40', '2025-06-05 07:03:40'),
(2315, 'Nomad', NULL, '2025-06-05 07:03:40', '2025-06-05 07:03:40'),
(2334, 'Ocean', NULL, '2025-06-05 07:03:40', '2025-06-05 07:03:40'),
(2339, 'Offroad', NULL, '2025-06-05 07:03:40', '2025-06-05 07:03:40'),
(2378, 'P7', NULL, '2025-06-05 07:03:40', '2025-06-05 07:03:40'),
(2382, 'Padmini', NULL, '2025-06-05 07:03:40', '2025-06-05 07:03:40'),
(2395, 'Pantera', NULL, '2025-06-05 07:03:40', '2025-06-05 07:03:40'),
(2411, 'Patriot', NULL, '2025-06-05 07:03:40', '2025-06-05 07:03:40'),
(2418, 'Persona', NULL, '2025-06-05 07:03:40', '2025-06-05 07:03:40'),
(2433, 'Pinzgauer', NULL, '2025-06-05 07:03:40', '2025-06-05 07:03:40'),
(2444, 'Plus 4', NULL, '2025-06-05 07:03:40', '2025-06-05 07:03:40'),
(2446, 'Plutus', NULL, '2025-06-05 07:03:40', '2025-06-05 07:03:40'),
(2478, 'Princess', NULL, '2025-06-05 07:03:40', '2025-06-05 07:03:40'),
(2486, 'Prizm', NULL, '2025-06-05 07:03:40', '2025-06-05 07:03:40'),
(2495, 'ProMaster City', NULL, '2025-06-05 07:03:40', '2025-06-05 07:03:40'),
(2512, 'Q', NULL, '2025-06-05 07:03:40', '2025-06-05 07:03:40'),
(2537, 'QM5', NULL, '2025-06-05 07:03:40', '2025-06-05 07:03:40'),
(2560, 'R Type', NULL, '2025-06-05 07:03:40', '2025-06-05 07:03:40'),
(2563, 'R1T', NULL, '2025-06-05 07:03:40', '2025-06-05 07:03:40'),
(2566, 'R4', NULL, '2025-06-05 07:03:40', '2025-06-05 07:03:40'),
(2585, 'Rambler Classic', NULL, '2025-06-05 07:03:40', '2025-06-05 07:03:40'),
(2590, 'Range Rover', NULL, '2025-06-05 07:03:40', '2025-06-05 07:03:40'),
(2593, 'Range Rover Velar', NULL, '2025-06-05 07:03:40', '2025-06-05 07:03:40'),
(2612, 'Regency', NULL, '2025-06-05 07:03:40', '2025-06-05 07:03:40'),
(2625, 'Revero GT', NULL, '2025-06-05 07:03:40', '2025-06-05 07:03:40'),
(2630, 'Rexton', NULL, '2025-06-05 07:03:40', '2025-06-05 07:03:40'),
(2643, 'Road Partner', NULL, '2025-06-05 07:03:40', '2025-06-05 07:03:40'),
(2646, 'Roadster', NULL, '2025-06-05 07:03:40', '2025-06-05 07:03:40'),
(2649, 'Rocsta', NULL, '2025-06-05 07:03:40', '2025-06-05 07:03:40'),
(2709, 'S5', NULL, '2025-06-05 07:03:40', '2025-06-05 07:03:40'),
(2720, 'S7', NULL, '2025-06-05 07:03:40', '2025-06-05 07:03:40'),
(2734, 'Sahra', NULL, '2025-06-05 07:03:40', '2025-06-05 07:03:40'),
(2739, 'Saina', NULL, '2025-06-05 07:03:40', '2025-06-05 07:03:40'),
(2742, 'Samba', NULL, '2025-06-05 07:03:40', '2025-06-05 07:03:40'),
(2758, 'Savana', NULL, '2025-06-05 07:03:40', '2025-06-05 07:03:40'),
(2762, 'SC', NULL, '2025-06-05 07:03:40', '2025-06-05 07:03:40'),
(2764, 'SC6390', NULL, '2025-06-05 07:03:40', '2025-06-05 07:03:40'),
(2768, 'Sceo', NULL, '2025-06-05 07:03:40', '2025-06-05 07:03:40'),
(2792, 'SEiGHT', NULL, '2025-06-05 07:03:40', '2025-06-05 07:03:40'),
(2794, 'Senat', NULL, '2025-06-05 07:03:40', '2025-06-05 07:03:40'),
(2803, 'Serce', NULL, '2025-06-05 07:03:40', '2025-06-05 07:03:40'),
(2814, 'Series V', NULL, '2025-06-05 07:03:40', '2025-06-05 07:03:40'),
(2823, 'Shanhai L9', NULL, '2025-06-05 07:03:40', '2025-06-05 07:03:40'),
(2831, 'Shineray X30', NULL, '2025-06-05 07:03:40', '2025-06-05 07:03:40'),
(2834, 'Shuttle', NULL, '2025-06-05 07:03:40', '2025-06-05 07:03:40'),
(2841, 'Sigma', NULL, '2025-06-05 07:03:40', '2025-06-05 07:03:40'),
(2858, 'Six', NULL, '2025-06-05 07:03:40', '2025-06-05 07:03:40'),
(2879, 'SM5', NULL, '2025-06-05 07:03:40', '2025-06-05 07:03:40'),
(2888, 'Solano', NULL, '2025-06-05 07:03:40', '2025-06-05 07:03:40'),
(2907, 'Soren', NULL, '2025-06-05 07:03:40', '2025-06-05 07:03:40'),
(2935, 'Spitfire', NULL, '2025-06-05 07:03:40', '2025-06-05 07:03:40'),
(2941, 'Sportster', NULL, '2025-06-05 07:03:40', '2025-06-05 07:03:40'),
(2960, 'SR-V X3', NULL, '2025-06-05 07:03:40', '2025-06-05 07:03:40'),
(3000, 'S-Type', NULL, '2025-06-05 07:03:40', '2025-06-05 07:03:40'),
(3004, 'Summit', NULL, '2025-06-05 07:03:40', '2025-06-05 07:03:40'),
(3005, 'Sumo', NULL, '2025-06-05 07:03:40', '2025-06-05 07:03:40'),
(3015, 'Super Six', NULL, '2025-06-05 07:03:40', '2025-06-05 07:03:40'),
(3017, 'SuperNova', NULL, '2025-06-05 07:03:40', '2025-06-05 07:03:40'),
(3022, 'S-V8', NULL, '2025-06-05 07:03:40', '2025-06-05 07:03:40'),
(3037, 'T03', NULL, '2025-06-05 07:03:40', '2025-06-05 07:03:40'),
(3040, 'T300', NULL, '2025-06-05 07:03:40', '2025-06-05 07:03:40'),
(3042, 'T5 EVO', NULL, '2025-06-05 07:03:40', '2025-06-05 07:03:40'),
(3045, 'T600', NULL, '2025-06-05 07:03:40', '2025-06-05 07:03:40'),
(3049, 'T700', NULL, '2025-06-05 07:03:40', '2025-06-05 07:03:40'),
(3071, 'Tank', NULL, '2025-06-05 07:03:40', '2025-06-05 07:03:40'),
(3086, 'tC', NULL, '2025-06-05 07:03:40', '2025-06-05 07:03:40'),
(3103, 'Terralord', NULL, '2025-06-05 07:03:40', '2025-06-05 07:03:40'),
(3157, 'TLX', NULL, '2025-06-05 07:03:40', '2025-06-05 07:03:40'),
(3169, 'Torres', NULL, '2025-06-05 07:03:40', '2025-06-05 07:03:40'),
(3184, 'TR4', NULL, '2025-06-05 07:03:40', '2025-06-05 07:03:40'),
(3187, 'TR8', NULL, '2025-06-05 07:03:40', '2025-06-05 07:03:40'),
(3190, 'Tracker', NULL, '2025-06-05 07:03:40', '2025-06-05 07:03:40'),
(3219, 'Trumpf Junior', NULL, '2025-06-05 07:03:40', '2025-06-05 07:03:40'),
(3220, 'TS', NULL, '2025-06-05 07:03:40', '2025-06-05 07:03:40'),
(3222, 'TSR-S', NULL, '2025-06-05 07:03:40', '2025-06-05 07:03:40'),
(3230, 'Tunland', NULL, '2025-06-05 07:03:40', '2025-06-05 07:03:40'),
(3233, 'Turbo R', NULL, '2025-06-05 07:03:40', '2025-06-05 07:03:40'),
(3243, 'TXL', NULL, '2025-06-05 07:03:40', '2025-06-05 07:03:40'),
(3244, 'Typ 13', NULL, '2025-06-05 07:03:40', '2025-06-05 07:03:40'),
(3250, 'Type 3', NULL, '2025-06-05 07:03:40', '2025-06-05 07:03:40'),
(3258, 'U6', NULL, '2025-06-05 07:03:40', '2025-06-05 07:03:40'),
(3261, 'U7 Turbo', NULL, '2025-06-05 07:03:40', '2025-06-05 07:03:40'),
(3263, 'U70 Pro', NULL, '2025-06-05 07:03:40', '2025-06-05 07:03:40'),
(3268, 'UNI-T', NULL, '2025-06-05 07:03:40', '2025-06-05 07:03:40'),
(3280, 'Utopia', NULL, '2025-06-05 07:03:40', '2025-06-05 07:03:40'),
(3327, 'Venom GT', NULL, '2025-06-05 07:03:40', '2025-06-05 07:03:40'),
(3340, 'Versa', NULL, '2025-06-05 07:03:40', '2025-06-05 07:03:40'),
(3350, 'VF8', NULL, '2025-06-05 07:03:40', '2025-06-05 07:03:40'),
(3356, 'Victory', NULL, '2025-06-05 07:03:40', '2025-06-05 07:03:40'),
(3368, 'Virage', NULL, '2025-06-05 07:03:40', '2025-06-05 07:03:40'),
(3369, 'Virgo', NULL, '2025-06-05 07:03:40', '2025-06-05 07:03:40'),
(3371, 'Vision', NULL, '2025-06-05 07:03:40', '2025-06-05 07:03:40'),
(3376, 'Vista', NULL, '2025-06-05 07:03:40', '2025-06-05 07:03:40'),
(3383, 'Viva', NULL, '2025-06-05 07:03:40', '2025-06-05 07:03:40'),
(3393, 'V-Online', NULL, '2025-06-05 07:03:40', '2025-06-05 07:03:40'),
(3396, 'VS5', NULL, '2025-06-05 07:03:40', '2025-06-05 07:03:40'),
(3401, 'VV6', NULL, '2025-06-05 07:03:40', '2025-06-05 07:03:40'),
(3431, 'W23', NULL, '2025-06-05 07:03:40', '2025-06-05 07:03:40'),
(3435, 'W8 Twin Turbo', NULL, '2025-06-05 07:03:40', '2025-06-05 07:03:40'),
(3471, 'X3', NULL, '2025-06-05 07:03:40', '2025-06-05 07:03:40'),
(3474, 'X300', NULL, '2025-06-05 07:03:40', '2025-06-05 07:03:40'),
(3482, 'X5 Plus', NULL, '2025-06-05 07:03:40', '2025-06-05 07:03:40'),
(3487, 'X6 Pro', NULL, '2025-06-05 07:03:40', '2025-06-05 07:03:40'),
(3489, 'X7', NULL, '2025-06-05 07:03:40', '2025-06-05 07:03:40'),
(3492, 'X70', NULL, '2025-06-05 07:03:40', '2025-06-05 07:03:40'),
(3497, 'X90', NULL, '2025-06-05 07:03:40', '2025-06-05 07:03:40'),
(3515, 'xD', NULL, '2025-06-05 07:03:40', '2025-06-05 07:03:40'),
(3535, 'XJ40', NULL, '2025-06-05 07:03:40', '2025-06-05 07:03:40'),
(3544, 'XM', NULL, '2025-06-05 07:03:40', '2025-06-05 07:03:40'),
(3545, 'XM3', NULL, '2025-06-05 07:03:40', '2025-06-05 07:03:40'),
(3546, 'X-NV', NULL, '2025-06-05 07:03:40', '2025-06-05 07:03:40'),
(3566, 'Y', NULL, '2025-06-05 07:03:40', '2025-06-05 07:03:40'),
(3567, 'Y Plus', NULL, '2025-06-05 07:03:40', '2025-06-05 07:03:40'),
(3569, 'Yacht', NULL, '2025-06-05 07:03:40', '2025-06-05 07:03:40'),
(3579, 'Yida', NULL, '2025-06-05 07:03:40', '2025-06-05 07:03:40'),
(3583, 'Yuan', NULL, '2025-06-05 07:03:40', '2025-06-05 07:03:40'),
(3590, 'Yuhu 7', NULL, '2025-06-05 07:03:40', '2025-06-05 07:03:40'),
(3599, 'Z300', NULL, '2025-06-05 07:03:40', '2025-06-05 07:03:40'),
(3600, 'Z4', NULL, '2025-06-05 07:03:40', '2025-06-05 07:03:40'),
(3602, 'Z6', NULL, '2025-06-05 07:03:40', '2025-06-05 07:03:40'),
(3622, 'ZX', NULL, '2025-06-05 07:03:40', '2025-06-05 07:03:40'),
(3626, 'Багги Type 1', NULL, '2025-06-05 07:03:40', '2025-06-05 07:03:40'),
(3640, 'С-3А', NULL, '2025-06-05 07:03:40', '2025-06-05 07:03:40'),
(3643, 'Самоделки', NULL, '2025-06-05 07:03:40', '2025-06-05 07:03:40');

-- --------------------------------------------------------

--
-- Структура таблицы `car_photos`
--

CREATE TABLE `car_photos` (
  `id` bigint(20) UNSIGNED NOT NULL,
  `car_id` bigint(20) UNSIGNED DEFAULT NULL,
  `url` varchar(255) NOT NULL,
  `created_at` timestamp NULL DEFAULT NULL,
  `updated_at` timestamp NULL DEFAULT NULL
) ENGINE=InnoDB DEFAULT CHARSET=utf8mb4 COLLATE=utf8mb4_unicode_ci;

-- --------------------------------------------------------

--
-- Структура таблицы `car_types`
--

CREATE TABLE `car_types` (
  `id` bigint(20) UNSIGNED NOT NULL,
  `type_name` varchar(255) NOT NULL,
  `deleted_at` timestamp NULL DEFAULT NULL,
  `created_at` timestamp NULL DEFAULT NULL,
  `updated_at` timestamp NULL DEFAULT NULL
) ENGINE=InnoDB DEFAULT CHARSET=utf8mb4 COLLATE=utf8mb4_unicode_ci;

--
-- Дамп данных таблицы `car_types`
--

INSERT INTO `car_types` (`id`, `type_name`, `deleted_at`, `created_at`, `updated_at`) VALUES
(1, 'седан', NULL, '2025-06-05 07:03:40', '2025-06-05 07:03:40'),
(2, 'купе', NULL, '2025-06-05 07:03:40', '2025-06-05 07:03:40'),
(3, 'хэтчбек', NULL, '2025-06-05 07:03:40', '2025-06-05 07:03:40'),
(4, 'лифтбек', NULL, '2025-06-05 07:03:40', '2025-06-05 07:03:40'),
(5, 'фастбэк', NULL, '2025-06-05 07:03:40', '2025-06-05 07:03:40'),
(6, 'универсал', NULL, '2025-06-05 07:03:40', '2025-06-05 07:03:40'),
(7, 'кроссовер', NULL, '2025-06-05 07:03:40', '2025-06-05 07:03:40'),
(8, 'внедорожник', NULL, '2025-06-05 07:03:40', '2025-06-05 07:03:40'),
(9, 'пикап', NULL, '2025-06-05 07:03:40', '2025-06-05 07:03:40'),
(10, 'легковой фургон', NULL, '2025-06-05 07:03:40', '2025-06-05 07:03:40'),
(11, 'минивэн', NULL, '2025-06-05 07:03:40', '2025-06-05 07:03:40'),
(12, 'компактвэн', NULL, '2025-06-05 07:03:40', '2025-06-05 07:03:40'),
(13, 'микровэн', NULL, '2025-06-05 07:03:40', '2025-06-05 07:03:40'),
(14, 'кабриолет', NULL, '2025-06-05 07:03:40', '2025-06-05 07:03:40'),
(15, 'родстер', NULL, '2025-06-05 07:03:40', '2025-06-05 07:03:40'),
(16, 'ландо', NULL, '2025-06-05 07:03:40', '2025-06-05 07:03:40'),
(17, 'лимузин', NULL, '2025-06-05 07:03:40', '2025-06-05 07:03:40');

-- --------------------------------------------------------

--
-- Структура таблицы `clients`
--

CREATE TABLE `clients` (
  `id` bigint(20) UNSIGNED NOT NULL,
  `client_name` varchar(255) NOT NULL,
  `client_mail` varchar(255) NOT NULL,
  `client_phone` varchar(255) NOT NULL,
  `client_address` varchar(255) DEFAULT NULL,
  `client_add_data` text DEFAULT NULL,
  `client_status` tinyint(1) NOT NULL DEFAULT 0,
  `deleted_at` timestamp NULL DEFAULT NULL,
  `created_at` timestamp NULL DEFAULT NULL,
  `updated_at` timestamp NULL DEFAULT NULL
) ENGINE=InnoDB DEFAULT CHARSET=utf8mb4 COLLATE=utf8mb4_unicode_ci;

--
-- Дамп данных таблицы `clients`
--

INSERT INTO `clients` (`id`, `client_name`, `client_mail`, `client_phone`, `client_address`, `client_add_data`, `client_status`, `deleted_at`, `created_at`, `updated_at`) VALUES
(1, 'Егор Ширяева', 'margarita02@example.com', '+79886680789', '073069, Брянская область, город Сергиев Посад, проезд 1905 года, 97', 'Впрочем, редко случалось, чтобы это было.', 1, NULL, '2025-06-05 07:03:45', '2025-06-05 07:03:45'),
(2, 'Иммануил Елисеев', 'pavel42@example.net', '+79071808938', '870234, Саратовская область, город Лотошино, шоссе Бухарестская, 78', 'Ни на одном из которых по ошибке было вырезано.', 1, NULL, '2025-06-05 07:03:45', '2025-06-05 07:03:45'),
(3, 'Родион Максимов', 'vladlena.nikitin@example.net', '+79764924231', '185610, Самарская область, город Орехово-Зуево, шоссе Сталина, 58', 'Когда он таким образом из чужой упряжи, но не.', 0, NULL, '2025-06-05 07:03:45', '2025-06-05 07:03:45'),
(4, 'Анатолий Рыбакова', 'maslov.ulia@example.net', '+79889974354', '565869, Амурская область, город Мытищи, спуск Чехова, 41', 'Шарманка играла не без приятности, но в средине.', 1, NULL, '2025-06-05 07:03:45', '2025-06-05 07:03:45'),
(5, 'Георгий Ефимов', 'roman84@example.com', '+79552985309', '702175, Калининградская область, город Одинцово, шоссе Чехова, 20', 'Пожалуй, вот вам еще пятнадцать, итого двадцать.', 1, NULL, '2025-06-05 07:03:45', '2025-06-05 07:03:45'),
(6, 'Семён Николаев', 'kuznecov.mihail@example.net', '+79921956516', '453407, Свердловская область, город Егорьевск, пл. Будапештсткая, 40', 'Такую же странную страсть имел и Ноздрев. Чем.', 1, NULL, '2025-06-05 07:03:45', '2025-06-05 07:03:45'),
(7, 'Станислав Селиверстов', 'zivanov@example.org', '+79358817427', '901614, Томская область, город Серпухов, ул. Будапештсткая, 82', 'Еще бы! Это бы скорей походило на диво, если бы.', 0, NULL, '2025-06-05 07:03:45', '2025-06-05 07:03:45'),
(8, 'Стефан Евдокимов', 'vlad23@example.org', '+79885132847', '813469, Московская область, город Раменское, пл. Домодедовская, 60', 'Он надел рубаху; платье, уже высушенное и.', 1, NULL, '2025-06-05 07:03:45', '2025-06-05 07:03:45'),
(9, 'Павел Князева', 'alena92@example.com', '+79497328121', '530619, Курская область, город Сергиев Посад, спуск Гоголя, 88', 'Даже самая погода весьма кстати прислужилась.', 1, NULL, '2025-06-05 07:03:45', '2025-06-05 07:03:45'),
(10, 'Лев Крылова', 'lytkin.zlata@example.net', '+79746120996', '463763, Магаданская область, город Мытищи, спуск Ладыгина, 57', 'Да знаете ли вы на свете, но теперь, как приеду.', 1, NULL, '2025-06-05 07:03:45', '2025-06-05 07:03:45');

-- --------------------------------------------------------

--
-- Структура таблицы `deliveries`
--

CREATE TABLE `deliveries` (
  `id` bigint(20) UNSIGNED NOT NULL,
  `delivery_name` varchar(255) NOT NULL,
  `deleted_at` timestamp NULL DEFAULT NULL,
  `created_at` timestamp NULL DEFAULT NULL,
  `updated_at` timestamp NULL DEFAULT NULL
) ENGINE=InnoDB DEFAULT CHARSET=utf8mb4 COLLATE=utf8mb4_unicode_ci;

--
-- Дамп данных таблицы `deliveries`
--

INSERT INTO `deliveries` (`id`, `delivery_name`, `deleted_at`, `created_at`, `updated_at`) VALUES
(1, 'Самовывоз', NULL, '2025-06-05 07:03:44', '2025-06-05 07:03:44'),
(2, 'Доставка до клиента', NULL, '2025-06-05 07:03:44', '2025-06-05 07:03:44'),
(3, 'Доставка до ТК', NULL, '2025-06-05 07:03:44', '2025-06-05 07:03:44');

-- --------------------------------------------------------

--
-- Структура таблицы `failed_jobs`
--

CREATE TABLE `failed_jobs` (
  `id` bigint(20) UNSIGNED NOT NULL,
  `uuid` varchar(255) NOT NULL,
  `connection` text NOT NULL,
  `queue` text NOT NULL,
  `payload` longtext NOT NULL,
  `exception` longtext NOT NULL,
  `failed_at` timestamp NOT NULL DEFAULT current_timestamp()
) ENGINE=InnoDB DEFAULT CHARSET=utf8mb4 COLLATE=utf8mb4_unicode_ci;

-- --------------------------------------------------------

--
-- Структура таблицы `jobs`
--

CREATE TABLE `jobs` (
  `id` bigint(20) UNSIGNED NOT NULL,
  `queue` varchar(255) NOT NULL,
  `payload` longtext NOT NULL,
  `attempts` tinyint(3) UNSIGNED NOT NULL,
  `reserved_at` int(10) UNSIGNED DEFAULT NULL,
  `available_at` int(10) UNSIGNED NOT NULL,
  `created_at` int(10) UNSIGNED NOT NULL
) ENGINE=InnoDB DEFAULT CHARSET=utf8mb4 COLLATE=utf8mb4_unicode_ci;

-- --------------------------------------------------------

--
-- Структура таблицы `job_batches`
--

CREATE TABLE `job_batches` (
  `id` varchar(255) NOT NULL,
  `name` varchar(255) NOT NULL,
  `total_jobs` int(11) NOT NULL,
  `pending_jobs` int(11) NOT NULL,
  `failed_jobs` int(11) NOT NULL,
  `failed_job_ids` longtext NOT NULL,
  `options` mediumtext DEFAULT NULL,
  `cancelled_at` int(11) DEFAULT NULL,
  `created_at` int(11) NOT NULL,
  `finished_at` int(11) DEFAULT NULL
) ENGINE=InnoDB DEFAULT CHARSET=utf8mb4 COLLATE=utf8mb4_unicode_ci;

-- --------------------------------------------------------

--
-- Структура таблицы `migrations`
--

CREATE TABLE `migrations` (
  `id` int(10) UNSIGNED NOT NULL,
  `migration` varchar(255) NOT NULL,
  `batch` int(11) NOT NULL
) ENGINE=InnoDB DEFAULT CHARSET=utf8mb4 COLLATE=utf8mb4_unicode_ci;

--
-- Дамп данных таблицы `migrations`
--

INSERT INTO `migrations` (`id`, `migration`, `batch`) VALUES
(145, '0001_01_01_000000_create_users_table', 1),
(146, '0001_01_01_000001_create_cache_table', 1),
(147, '0001_01_01_000002_create_jobs_table', 1),
(148, '2025_05_05_133820_create_personal_access_tokens_table', 1),
(149, '2025_05_06_124453_create_car_marks_table', 1),
(150, '2025_05_06_124526_create_car_models_table', 1),
(151, '2025_05_06_124541_create_car_colors_table', 1),
(152, '2025_05_06_124551_create_car_countries_table', 1),
(153, '2025_05_06_124558_create_car_types_table', 1),
(154, '2025_05_06_124559_create_car_mark_model_countries_table', 1),
(155, '2025_05_06_124565_create_cars_table', 1),
(156, '2025_05_06_134236_create_user_positions_table', 1),
(157, '2025_05_06_134245_create_user_departments_table', 1),
(158, '2025_05_06_134255_create_user_department_positions_table', 1),
(159, '2025_05_06_134256_create_user_statuses_table', 1),
(160, '2025_05_06_143937_update_fields_to_users_table', 1),
(161, '2025_05_06_193529_create_car_photos_table', 1),
(162, '2025_05_24_114237_create_statuses_table', 1),
(163, '2025_05_24_114241_create_deliveries_table', 1),
(164, '2025_05_24_114247_create_payments_table', 1),
(165, '2025_05_24_114414_create_clients_table', 1),
(166, '2025_05_24_115553_create_orders_table', 1),
(167, '2025_05_24_115603_create_order_statuses_table', 1),
(168, '2025_05_24_115621_create_order_cars_table', 1);

-- --------------------------------------------------------

--
-- Структура таблицы `orders`
--

CREATE TABLE `orders` (
  `id` bigint(20) UNSIGNED NOT NULL,
  `client_id` bigint(20) UNSIGNED NOT NULL,
  `user_id` bigint(20) UNSIGNED NOT NULL,
  `payment_id` bigint(20) UNSIGNED NOT NULL,
  `delivery_id` bigint(20) UNSIGNED NOT NULL,
  `delivery_address` text DEFAULT NULL,
  `deleted_at` timestamp NULL DEFAULT NULL,
  `created_at` timestamp NULL DEFAULT NULL,
  `updated_at` timestamp NULL DEFAULT NULL
) ENGINE=InnoDB DEFAULT CHARSET=utf8mb4 COLLATE=utf8mb4_unicode_ci;

--
-- Дамп данных таблицы `orders`
--

INSERT INTO `orders` (`id`, `client_id`, `user_id`, `payment_id`, `delivery_id`, `delivery_address`, `deleted_at`, `created_at`, `updated_at`) VALUES
(1, 2, 24, 3, 2, '919889, Нижегородская область, город Шатура, въезд Космонавтов, 73', NULL, '2025-05-22 00:00:00', '2025-06-05 07:03:46'),
(2, 5, 24, 3, 1, 'Москва. Основной склад', NULL, '2025-05-17 00:00:00', '2025-06-05 07:03:46'),
(3, 1, 19, 3, 1, 'Москва. Основной склад', NULL, '2025-03-13 00:00:00', '2025-06-05 07:03:46'),
(4, 9, 8, 1, 3, '583931, Ленинградская область, город Дорохово, ул. Балканская, 91', NULL, '2025-04-20 00:00:00', '2025-06-05 07:03:46'),
(5, 5, 8, 1, 1, 'Москва. Основной склад', NULL, '2025-04-18 00:00:00', '2025-06-05 07:03:46'),
(6, 2, 19, 1, 3, '152695, Самарская область, город Подольск, пер. Ладыгина, 98', NULL, '2025-04-29 00:00:00', '2025-06-05 07:03:46'),
(7, 1, 27, 2, 2, '775386, Архангельская область, город Кашира, бульвар Гоголя, 79', NULL, '2025-04-24 00:00:00', '2025-06-05 07:03:47'),
(8, 4, 26, 3, 3, '686211, Костромская область, город Орехово-Зуево, пл. Ладыгина, 17', NULL, '2025-03-14 00:00:00', '2025-06-05 07:03:47'),
(9, 9, 11, 3, 1, '167805, Владимирская область, город Люберцы, проезд Бухарестская, 57', NULL, '2025-03-25 16:34:50', '2025-06-05 07:03:47'),
(10, 9, 24, 2, 1, '522681, Липецкая область, город Воскресенск, въезд Гагарина, 22', NULL, '2025-05-14 15:09:17', '2025-06-05 07:03:47'),
(11, 6, 5, 1, 2, '181914, Липецкая область, город Ногинск, шоссе Сталина, 34', NULL, '2025-03-07 18:45:34', '2025-06-05 07:03:47'),
(12, 1, 2, 3, 3, '651490, Новгородская область, город Орехово-Зуево, ул. Чехова, 33', NULL, '2025-04-18 02:32:06', '2025-06-05 07:03:47'),
(13, 8, 11, 1, 3, '476247, Калужская область, город Наро-Фоминск, проезд Космонавтов, 11', NULL, '2025-03-30 02:32:55', '2025-06-05 07:03:47'),
(14, 1, 8, 2, 3, '532837, Новосибирская область, город Лотошино, спуск 1905 года, 73', NULL, '2025-05-02 04:16:04', '2025-06-05 07:03:47'),
(15, 2, 19, 1, 3, '179822, Рязанская область, город Пушкино, пл. Будапештсткая, 71', NULL, '2025-05-28 22:16:07', '2025-06-05 07:03:47');

-- --------------------------------------------------------

--
-- Структура таблицы `order_cars`
--

CREATE TABLE `order_cars` (
  `id` bigint(20) UNSIGNED NOT NULL,
  `order_id` bigint(20) UNSIGNED NOT NULL,
  `car_id` bigint(20) UNSIGNED NOT NULL,
  `deleted_at` timestamp NULL DEFAULT NULL,
  `created_at` timestamp NULL DEFAULT NULL,
  `updated_at` timestamp NULL DEFAULT NULL
) ENGINE=InnoDB DEFAULT CHARSET=utf8mb4 COLLATE=utf8mb4_unicode_ci;

--
-- Дамп данных таблицы `order_cars`
--

INSERT INTO `order_cars` (`id`, `order_id`, `car_id`, `deleted_at`, `created_at`, `updated_at`) VALUES
(3, 14, 8, NULL, '2025-06-05 07:03:48', '2025-06-05 07:03:48'),
(5, 13, 15, NULL, '2025-06-05 07:03:48', '2025-06-05 07:03:48'),
(7, 11, 15, NULL, '2025-06-05 07:03:48', '2025-06-05 07:03:48'),
(10, 10, 12, NULL, '2025-06-05 07:03:48', '2025-06-05 07:03:48'),
(13, 15, 13, NULL, '2025-06-05 07:03:48', '2025-06-05 07:03:48'),
(15, 9, 15, NULL, '2025-06-05 07:03:48', '2025-06-05 07:03:48'),
(20, 10, 11, NULL, '2025-06-05 07:03:48', '2025-06-05 07:03:48'),
(21, 11, 14, NULL, '2025-06-05 07:03:48', '2025-06-05 07:03:48'),
(23, 10, 5, NULL, '2025-06-05 07:03:48', '2025-06-05 07:03:48'),
(24, 14, 2, NULL, '2025-06-05 07:03:48', '2025-06-05 07:03:48'),
(29, 12, 9, NULL, '2025-06-05 07:03:48', '2025-06-05 07:03:48'),
(31, 1, 1, NULL, NULL, NULL),
(32, 1, 5, NULL, NULL, NULL),
(33, 2, 4, NULL, NULL, NULL),
(34, 3, 1, NULL, NULL, NULL),
(35, 3, 3, NULL, NULL, NULL),
(36, 4, 5, NULL, NULL, NULL),
(38, 5, 10, NULL, NULL, NULL),
(39, 6, 11, NULL, NULL, NULL),
(40, 7, 15, NULL, NULL, NULL);

-- --------------------------------------------------------

--
-- Структура таблицы `order_statuses`
--

CREATE TABLE `order_statuses` (
  `id` bigint(20) UNSIGNED NOT NULL,
  `order_id` bigint(20) UNSIGNED NOT NULL,
  `status_id` bigint(20) UNSIGNED NOT NULL,
  `deleted_at` timestamp NULL DEFAULT NULL,
  `created_at` timestamp NULL DEFAULT NULL,
  `updated_at` timestamp NULL DEFAULT NULL
) ENGINE=InnoDB DEFAULT CHARSET=utf8mb4 COLLATE=utf8mb4_unicode_ci;

--
-- Дамп данных таблицы `order_statuses`
--

INSERT INTO `order_statuses` (`id`, `order_id`, `status_id`, `deleted_at`, `created_at`, `updated_at`) VALUES
(1, 14, 5, NULL, '2025-06-05 07:03:48', '2025-06-05 07:03:48'),
(2, 5, 3, NULL, '2025-06-05 07:03:48', '2025-06-05 07:03:48'),
(3, 4, 2, NULL, '2025-06-05 07:03:48', '2025-06-05 07:03:48'),
(4, 6, 4, NULL, '2025-06-05 07:03:48', '2025-06-05 07:03:48'),
(5, 12, 2, NULL, '2025-06-05 07:03:48', '2025-06-05 07:03:48'),
(6, 12, 4, NULL, '2025-06-05 07:03:48', '2025-06-05 07:03:48'),
(7, 3, 3, NULL, '2025-06-05 07:03:48', '2025-06-05 07:03:48'),
(8, 15, 3, NULL, '2025-06-05 07:03:48', '2025-06-05 07:03:48'),
(9, 12, 1, NULL, '2025-06-05 07:03:48', '2025-06-05 07:03:48'),
(10, 1, 1, NULL, '2025-06-05 07:03:48', '2025-06-05 07:03:48'),
(11, 12, 4, NULL, '2025-06-05 07:03:48', '2025-06-05 07:03:48'),
(12, 10, 2, NULL, '2025-06-05 07:03:48', '2025-06-05 07:03:48'),
(13, 6, 2, NULL, '2025-06-05 07:03:48', '2025-06-05 07:03:48'),
(14, 10, 4, NULL, '2025-06-05 07:03:48', '2025-06-05 07:03:48'),
(15, 5, 5, NULL, '2025-06-05 07:03:48', '2025-06-05 07:03:48'),
(16, 13, 3, NULL, '2025-06-05 07:03:48', '2025-06-05 07:03:48'),
(17, 7, 1, NULL, '2025-06-05 07:03:48', '2025-06-05 07:03:48'),
(18, 14, 2, NULL, '2025-06-05 07:03:48', '2025-06-05 07:03:48'),
(19, 9, 3, NULL, '2025-06-05 07:03:48', '2025-06-05 07:03:48'),
(20, 14, 1, NULL, '2025-06-05 07:03:48', '2025-06-05 07:03:48'),
(21, 3, 1, NULL, '2025-06-05 10:27:34', NULL),
(22, 4, 1, NULL, '2025-06-05 10:27:40', NULL),
(23, 5, 1, NULL, '2025-06-05 10:27:46', NULL),
(24, 6, 1, NULL, '2025-06-05 10:27:51', NULL),
(25, 8, 2, NULL, '2025-06-05 10:28:06', NULL);

-- --------------------------------------------------------

--
-- Структура таблицы `password_reset_tokens`
--

CREATE TABLE `password_reset_tokens` (
  `email` varchar(255) NOT NULL,
  `token` varchar(255) NOT NULL,
  `created_at` timestamp NULL DEFAULT NULL
) ENGINE=InnoDB DEFAULT CHARSET=utf8mb4 COLLATE=utf8mb4_unicode_ci;

-- --------------------------------------------------------

--
-- Структура таблицы `payments`
--

CREATE TABLE `payments` (
  `id` bigint(20) UNSIGNED NOT NULL,
  `payment_name` varchar(255) NOT NULL,
  `deleted_at` timestamp NULL DEFAULT NULL,
  `created_at` timestamp NULL DEFAULT NULL,
  `updated_at` timestamp NULL DEFAULT NULL
) ENGINE=InnoDB DEFAULT CHARSET=utf8mb4 COLLATE=utf8mb4_unicode_ci;

--
-- Дамп данных таблицы `payments`
--

INSERT INTO `payments` (`id`, `payment_name`, `deleted_at`, `created_at`, `updated_at`) VALUES
(1, 'Оплата картой', NULL, '2025-06-05 07:03:44', '2025-06-05 07:03:44'),
(2, 'Оплата наличными', NULL, '2025-06-05 07:03:44', '2025-06-05 07:03:44'),
(3, 'Безналичный расчет', NULL, '2025-06-05 07:03:44', '2025-06-05 07:03:44');

-- --------------------------------------------------------

--
-- Структура таблицы `personal_access_tokens`
--

CREATE TABLE `personal_access_tokens` (
  `id` bigint(20) UNSIGNED NOT NULL,
  `tokenable_type` varchar(255) NOT NULL,
  `tokenable_id` bigint(20) UNSIGNED NOT NULL,
  `name` varchar(255) NOT NULL,
  `token` varchar(64) NOT NULL,
  `abilities` text DEFAULT NULL,
  `last_used_at` timestamp NULL DEFAULT NULL,
  `expires_at` timestamp NULL DEFAULT NULL,
  `created_at` timestamp NULL DEFAULT NULL,
  `updated_at` timestamp NULL DEFAULT NULL
) ENGINE=InnoDB DEFAULT CHARSET=utf8mb4 COLLATE=utf8mb4_unicode_ci;

-- --------------------------------------------------------

--
-- Структура таблицы `sessions`
--

CREATE TABLE `sessions` (
  `id` varchar(255) NOT NULL,
  `user_id` bigint(20) UNSIGNED DEFAULT NULL,
  `ip_address` varchar(45) DEFAULT NULL,
  `user_agent` text DEFAULT NULL,
  `payload` longtext NOT NULL,
  `last_activity` int(11) NOT NULL
) ENGINE=InnoDB DEFAULT CHARSET=utf8mb4 COLLATE=utf8mb4_unicode_ci;

--
-- Дамп данных таблицы `sessions`
--

INSERT INTO `sessions` (`id`, `user_id`, `ip_address`, `user_agent`, `payload`, `last_activity`) VALUES
('Dttb2Gq91pR6rep4DuMh2p03Nu4rQp23tfilzCfF', NULL, '127.0.0.1', 'Mozilla/5.0 (Windows NT 10.0; Win64; x64) AppleWebKit/537.36 (KHTML, like Gecko) Chrome/137.0.0.0 Safari/537.36', 'YTo0OntzOjY6Il90b2tlbiI7czo0MDoidnhOa0tnWTM0bXQyZ3owem90NlFkaDJRMzhTSVh6U1FsOEVsSTdWTiI7czoyMjoiUEhQREVCVUdCQVJfU1RBQ0tfREFUQSI7YTowOnt9czo5OiJfcHJldmlvdXMiO2E6MTp7czozOiJ1cmwiO3M6MjE6Imh0dHA6Ly8xMjcuMC4wLjE6ODAwMCI7fXM6NjoiX2ZsYXNoIjthOjI6e3M6Mzoib2xkIjthOjA6e31zOjM6Im5ldyI7YTowOnt9fX0=', 1749107367);

-- --------------------------------------------------------

--
-- Структура таблицы `statuses`
--

CREATE TABLE `statuses` (
  `id` bigint(20) UNSIGNED NOT NULL,
  `status_name` varchar(255) NOT NULL,
  `status_description` text DEFAULT NULL,
  `status_number` int(10) UNSIGNED NOT NULL,
  `deleted_at` timestamp NULL DEFAULT NULL,
  `created_at` timestamp NULL DEFAULT NULL,
  `updated_at` timestamp NULL DEFAULT NULL
) ENGINE=InnoDB DEFAULT CHARSET=utf8mb4 COLLATE=utf8mb4_unicode_ci;

--
-- Дамп данных таблицы `statuses`
--

INSERT INTO `statuses` (`id`, `status_name`, `status_description`, `status_number`, `deleted_at`, `created_at`, `updated_at`) VALUES
(1, 'Создан', 'При создании заказа (клиентом, по телефону координатором)', 1, NULL, '2025-06-05 07:03:45', '2025-06-05 07:03:45'),
(2, 'В работе', 'При взятии заказа в работу (менеджером)', 2, NULL, '2025-06-05 07:03:45', '2025-06-05 07:03:45'),
(3, 'Подтвержден', 'При подтверждении наличия товара на складе (менеджером)', 3, NULL, '2025-06-05 07:03:45', '2025-06-05 07:03:45'),
(4, 'Отменен', 'При отмене заказа (менеджером)', 4, NULL, '2025-06-05 07:03:45', '2025-06-05 07:03:45'),
(5, 'Выполнен', 'При выполнении заказа (менеджером)', 5, NULL, '2025-06-05 07:03:45', '2025-06-05 07:03:45');

-- --------------------------------------------------------

--
-- Структура таблицы `users`
--

CREATE TABLE `users` (
  `id` bigint(20) UNSIGNED NOT NULL,
  `login` varchar(255) NOT NULL COMMENT 'логин',
  `password` varchar(255) NOT NULL COMMENT 'пароль',
  `firstname` varchar(255) NOT NULL COMMENT 'имя',
  `surname` varchar(255) NOT NULL COMMENT 'фамилия',
  `patronymic` varchar(255) DEFAULT NULL COMMENT 'отчество',
  `email` varchar(255) DEFAULT NULL COMMENT 'email',
  `phone` varchar(255) DEFAULT NULL COMMENT 'телефон',
  `birthday` date DEFAULT NULL COMMENT 'день рождения',
  `department_id` bigint(20) UNSIGNED DEFAULT NULL COMMENT 'отдел',
  `position_id` bigint(20) UNSIGNED DEFAULT NULL COMMENT 'должность',
  `start_work` date DEFAULT NULL COMMENT 'трудоустройство',
  `status_id` bigint(20) UNSIGNED DEFAULT NULL COMMENT 'статус',
  `status_at` date DEFAULT NULL COMMENT 'смена статуса',
  `permissions` longtext CHARACTER SET utf8mb4 COLLATE utf8mb4_bin DEFAULT NULL COMMENT 'разрешения' CHECK (json_valid(`permissions`)),
  `deleted_at` timestamp NULL DEFAULT NULL,
  `remember_token` varchar(100) DEFAULT NULL,
  `created_at` timestamp NULL DEFAULT NULL,
  `updated_at` timestamp NULL DEFAULT NULL
) ENGINE=InnoDB DEFAULT CHARSET=utf8mb4 COLLATE=utf8mb4_unicode_ci;

--
-- Дамп данных таблицы `users`
--

INSERT INTO `users` (`id`, `login`, `password`, `firstname`, `surname`, `patronymic`, `email`, `phone`, `birthday`, `department_id`, `position_id`, `start_work`, `status_id`, `status_at`, `permissions`, `deleted_at`, `remember_token`, `created_at`, `updated_at`) VALUES
(1, 'admin', 'R7F+D8pq3nvgpdoCFMAbV90hfNjQQBNCxuq2OHqxZ20=', 'Администратор', 'Системы', '', 'admin@admin.com', '+79855098044', '1980-03-31', 6, 9, '2025-06-05', 1, '2025-06-05', '{\"Tabs\":[{\"Name\":\"user\",\"RusName\":\"Пользователь\",\"Permissions\":{\"Read\":true,\"Write\":true}},{\"Name\":\"order\",\"RusName\":\"Заказы\",\"Permissions\":{\"Read\":true,\"Write\":true}},{\"Name\":\"report\",\"RusName\":\"Отчеты\",\"Permissions\":{\"Read\":true,\"Write\":true}},{\"Name\":\"setting\",\"RusName\":\"Настройки\",\"Permissions\":{\"Read\":true,\"Write\":true}},{\"Name\":\"dict\",\"RusName\":\"Словари\",\"Permissions\":{\"Read\":true,\"Write\":true}}],\"Directories\":[{\"Name\":\"Order\",\"RusName\":\"Заказы\",\"Permissions\":{\"Read\":true,\"Write\":true}},{\"Name\":\"Client\",\"RusName\":\"Клиенты\",\"Permissions\":{\"Read\":true,\"Write\":true}},{\"Name\":\"Delivery\",\"RusName\":\"Типы Доставки\",\"Permissions\":{\"Read\":true,\"Write\":true}},{\"Name\":\"Payment\",\"RusName\":\"Типы Оплаты\",\"Permissions\":{\"Read\":true,\"Write\":true}},{\"Name\":\"OrderStatus\",\"RusName\":\"Статусы заказа\",\"Permissions\":{\"Read\":true,\"Write\":true}},{\"Name\":\"Car\",\"RusName\":\"Автомобили\",\"Permissions\":{\"Read\":true,\"Write\":true}},{\"Name\":\"CarMark\",\"RusName\":\"Марки\",\"Permissions\":{\"Read\":true,\"Write\":true}},{\"Name\":\"CarModel\",\"RusName\":\"Модели\",\"Permissions\":{\"Read\":true,\"Write\":true}},{\"Name\":\"CarCountry\",\"RusName\":\"Страны\",\"Permissions\":{\"Read\":true,\"Write\":true}},{\"Name\":\"CarType\",\"RusName\":\"Типы кузова\",\"Permissions\":{\"Read\":true,\"Write\":true}},{\"Name\":\"CarColor\",\"RusName\":\"Цвета\",\"Permissions\":{\"Read\":true,\"Write\":true}},{\"Name\":\"CarMarkModelCountry\",\"RusName\":\"Марка - Модель\",\"Permissions\":{\"Read\":true,\"Write\":true}},{\"Name\":\"User\",\"RusName\":\"Сотрудники\",\"Permissions\":{\"Read\":true,\"Write\":true}},{\"Name\":\"UserDepartment\",\"RusName\":\"Отделы\",\"Permissions\":{\"Read\":true,\"Write\":true}},{\"Name\":\"UserPosition\",\"RusName\":\"Должности\",\"Permissions\":{\"Read\":true,\"Write\":true}},{\"Name\":\"UserStatus\",\"RusName\":\"Статусы\",\"Permissions\":{\"Read\":true,\"Write\":true}},{\"Name\":\"UserDepartmentPosition\",\"RusName\":\"Отдел - Должность\",\"Permissions\":{\"Read\":true,\"Write\":true}}]}', NULL, NULL, NULL, NULL),
(2, 'kgislason', '$2y$12$bcqVo2HE7Gsi7222/5IKMOG08Zv.QTxcX9TGBoXiSZWu.WCIyYCwW', 'Валентин', 'Крюков', 'Викторович', 'klementina86@example.net', '+79833068912', '1975-05-21', 4, 12, '2008-05-28', 1, '1983-11-10', '{\"Tabs\":[{\"Name\":\"user\",\"RusName\":\"\\u041f\\u043e\\u043b\\u044c\\u0437\\u043e\\u0432\\u0430\\u0442\\u0435\\u043b\\u044c\",\"Permissions\":{\"Read\":true,\"Write\":true}},{\"Name\":\"order\",\"RusName\":\"\\u0417\\u0430\\u043a\\u0430\\u0437\\u044b\",\"Permissions\":{\"Read\":false,\"Write\":false}},{\"Name\":\"report\",\"RusName\":\"\\u041e\\u0442\\u0447\\u0435\\u0442\\u044b\",\"Permissions\":{\"Read\":false,\"Write\":false}},{\"Name\":\"setting\",\"RusName\":\"\\u041d\\u0430\\u0441\\u0442\\u0440\\u043e\\u0439\\u043a\\u0438\",\"Permissions\":{\"Read\":false,\"Write\":false}},{\"Name\":\"dict\",\"RusName\":\"\\u0421\\u043b\\u043e\\u0432\\u0430\\u0440\\u0438\",\"Permissions\":{\"Read\":false,\"Write\":false}}],\"Directories\":[{\"Name\":\"Order\",\"RusName\":\"\\u0417\\u0430\\u043a\\u0430\\u0437\\u044b\",\"Permissions\":{\"Read\":false,\"Write\":false}},{\"Name\":\"Client\",\"RusName\":\"\\u041a\\u043b\\u0438\\u0435\\u043d\\u0442\\u044b\",\"Permissions\":{\"Read\":false,\"Write\":false}},{\"Name\":\"Delivery\",\"RusName\":\"\\u0422\\u0438\\u043f\\u044b \\u0414\\u043e\\u0441\\u0442\\u0430\\u0432\\u043a\\u0438\",\"Permissions\":{\"Read\":false,\"Write\":false}},{\"Name\":\"Payment\",\"RusName\":\"\\u0422\\u0438\\u043f\\u044b \\u041e\\u043f\\u043b\\u0430\\u0442\\u044b\",\"Permissions\":{\"Read\":false,\"Write\":false}},{\"Name\":\"OrderStatus\",\"RusName\":\"\\u0421\\u0442\\u0430\\u0442\\u0443\\u0441\\u044b \\u0437\\u0430\\u043a\\u0430\\u0437\\u0430\",\"Permissions\":{\"Read\":false,\"Write\":false}},{\"Name\":\"Car\",\"RusName\":\"\\u0410\\u0432\\u0442\\u043e\\u043c\\u043e\\u0431\\u0438\\u043b\\u0438\",\"Permissions\":{\"Read\":false,\"Write\":false}},{\"Name\":\"CarMark\",\"RusName\":\"\\u041c\\u0430\\u0440\\u043a\\u0438\",\"Permissions\":{\"Read\":false,\"Write\":false}},{\"Name\":\"CarModel\",\"RusName\":\"\\u041c\\u043e\\u0434\\u0435\\u043b\\u0438\",\"Permissions\":{\"Read\":false,\"Write\":false}},{\"Name\":\"CarCountry\",\"RusName\":\"\\u0421\\u0442\\u0440\\u0430\\u043d\\u044b\",\"Permissions\":{\"Read\":false,\"Write\":false}},{\"Name\":\"CarType\",\"RusName\":\"\\u0422\\u0438\\u043f\\u044b \\u043a\\u0443\\u0437\\u043e\\u0432\\u0430\",\"Permissions\":{\"Read\":false,\"Write\":false}},{\"Name\":\"CarColor\",\"RusName\":\"\\u0426\\u0432\\u0435\\u0442\\u0430\",\"Permissions\":{\"Read\":false,\"Write\":false}},{\"Name\":\"CarMarkModelCountry\",\"RusName\":\"\\u041c\\u0430\\u0440\\u043a\\u0430 - \\u041c\\u043e\\u0434\\u0435\\u043b\\u044c\",\"Permissions\":{\"Read\":false,\"Write\":false}},{\"Name\":\"User\",\"RusName\":\"\\u0421\\u043e\\u0442\\u0440\\u0443\\u0434\\u043d\\u0438\\u043a\\u0438\",\"Permissions\":{\"Read\":true,\"Write\":false}},{\"Name\":\"UserDepartment\",\"RusName\":\"\\u041e\\u0442\\u0434\\u0435\\u043b\\u044b\",\"Permissions\":{\"Read\":false,\"Write\":false}},{\"Name\":\"UserPosition\",\"RusName\":\"\\u0414\\u043e\\u043b\\u0436\\u043d\\u043e\\u0441\\u0442\\u0438\",\"Permissions\":{\"Read\":false,\"Write\":false}},{\"Name\":\"UserStatus\",\"RusName\":\"\\u0421\\u0442\\u0430\\u0442\\u0443\\u0441\\u044b\",\"Permissions\":{\"Read\":false,\"Write\":false}},{\"Name\":\"UserDepartmentPosition\",\"RusName\":\"\\u041e\\u0442\\u0434\\u0435\\u043b - \\u0414\\u043e\\u043b\\u0436\\u043d\\u043e\\u0441\\u0442\\u044c\",\"Permissions\":{\"Read\":false,\"Write\":false}}]}', NULL, '2HP8qI90ft', '2025-06-05 07:03:44', '2025-06-05 07:03:44'),
(3, 'moises.zemlak', '$2y$12$bcqVo2HE7Gsi7222/5IKMOG08Zv.QTxcX9TGBoXiSZWu.WCIyYCwW', 'Алексей', 'Артемьева', 'Павлович', 'nonna.gromova@example.com', '+79644974285', '1992-10-20', 1, 1, '2004-09-22', 1, '2001-06-03', '{\"Tabs\":[{\"Name\":\"user\",\"RusName\":\"\\u041f\\u043e\\u043b\\u044c\\u0437\\u043e\\u0432\\u0430\\u0442\\u0435\\u043b\\u044c\",\"Permissions\":{\"Read\":true,\"Write\":true}},{\"Name\":\"order\",\"RusName\":\"\\u0417\\u0430\\u043a\\u0430\\u0437\\u044b\",\"Permissions\":{\"Read\":false,\"Write\":false}},{\"Name\":\"report\",\"RusName\":\"\\u041e\\u0442\\u0447\\u0435\\u0442\\u044b\",\"Permissions\":{\"Read\":false,\"Write\":false}},{\"Name\":\"setting\",\"RusName\":\"\\u041d\\u0430\\u0441\\u0442\\u0440\\u043e\\u0439\\u043a\\u0438\",\"Permissions\":{\"Read\":false,\"Write\":false}},{\"Name\":\"dict\",\"RusName\":\"\\u0421\\u043b\\u043e\\u0432\\u0430\\u0440\\u0438\",\"Permissions\":{\"Read\":false,\"Write\":false}}],\"Directories\":[{\"Name\":\"Order\",\"RusName\":\"\\u0417\\u0430\\u043a\\u0430\\u0437\\u044b\",\"Permissions\":{\"Read\":false,\"Write\":false}},{\"Name\":\"Client\",\"RusName\":\"\\u041a\\u043b\\u0438\\u0435\\u043d\\u0442\\u044b\",\"Permissions\":{\"Read\":false,\"Write\":false}},{\"Name\":\"Delivery\",\"RusName\":\"\\u0422\\u0438\\u043f\\u044b \\u0414\\u043e\\u0441\\u0442\\u0430\\u0432\\u043a\\u0438\",\"Permissions\":{\"Read\":false,\"Write\":false}},{\"Name\":\"Payment\",\"RusName\":\"\\u0422\\u0438\\u043f\\u044b \\u041e\\u043f\\u043b\\u0430\\u0442\\u044b\",\"Permissions\":{\"Read\":false,\"Write\":false}},{\"Name\":\"OrderStatus\",\"RusName\":\"\\u0421\\u0442\\u0430\\u0442\\u0443\\u0441\\u044b \\u0437\\u0430\\u043a\\u0430\\u0437\\u0430\",\"Permissions\":{\"Read\":false,\"Write\":false}},{\"Name\":\"Car\",\"RusName\":\"\\u0410\\u0432\\u0442\\u043e\\u043c\\u043e\\u0431\\u0438\\u043b\\u0438\",\"Permissions\":{\"Read\":false,\"Write\":false}},{\"Name\":\"CarMark\",\"RusName\":\"\\u041c\\u0430\\u0440\\u043a\\u0438\",\"Permissions\":{\"Read\":false,\"Write\":false}},{\"Name\":\"CarModel\",\"RusName\":\"\\u041c\\u043e\\u0434\\u0435\\u043b\\u0438\",\"Permissions\":{\"Read\":false,\"Write\":false}},{\"Name\":\"CarCountry\",\"RusName\":\"\\u0421\\u0442\\u0440\\u0430\\u043d\\u044b\",\"Permissions\":{\"Read\":false,\"Write\":false}},{\"Name\":\"CarType\",\"RusName\":\"\\u0422\\u0438\\u043f\\u044b \\u043a\\u0443\\u0437\\u043e\\u0432\\u0430\",\"Permissions\":{\"Read\":false,\"Write\":false}},{\"Name\":\"CarColor\",\"RusName\":\"\\u0426\\u0432\\u0435\\u0442\\u0430\",\"Permissions\":{\"Read\":false,\"Write\":false}},{\"Name\":\"CarMarkModelCountry\",\"RusName\":\"\\u041c\\u0430\\u0440\\u043a\\u0430 - \\u041c\\u043e\\u0434\\u0435\\u043b\\u044c\",\"Permissions\":{\"Read\":false,\"Write\":false}},{\"Name\":\"User\",\"RusName\":\"\\u0421\\u043e\\u0442\\u0440\\u0443\\u0434\\u043d\\u0438\\u043a\\u0438\",\"Permissions\":{\"Read\":true,\"Write\":false}},{\"Name\":\"UserDepartment\",\"RusName\":\"\\u041e\\u0442\\u0434\\u0435\\u043b\\u044b\",\"Permissions\":{\"Read\":false,\"Write\":false}},{\"Name\":\"UserPosition\",\"RusName\":\"\\u0414\\u043e\\u043b\\u0436\\u043d\\u043e\\u0441\\u0442\\u0438\",\"Permissions\":{\"Read\":false,\"Write\":false}},{\"Name\":\"UserStatus\",\"RusName\":\"\\u0421\\u0442\\u0430\\u0442\\u0443\\u0441\\u044b\",\"Permissions\":{\"Read\":false,\"Write\":false}},{\"Name\":\"UserDepartmentPosition\",\"RusName\":\"\\u041e\\u0442\\u0434\\u0435\\u043b - \\u0414\\u043e\\u043b\\u0436\\u043d\\u043e\\u0441\\u0442\\u044c\",\"Permissions\":{\"Read\":false,\"Write\":false}}]}', NULL, 'zBaPew9J2M', '2025-06-05 07:03:44', '2025-06-05 07:03:44'),
(4, 'emma22', '$2y$12$bcqVo2HE7Gsi7222/5IKMOG08Zv.QTxcX9TGBoXiSZWu.WCIyYCwW', 'Гарри', 'Максимов', 'Сергеевич', 'mark.zuev@example.net', '+79849234028', '1991-07-11', 6, 6, '1990-06-02', 2, '1999-11-10', '{\"Tabs\":[{\"Name\":\"user\",\"RusName\":\"\\u041f\\u043e\\u043b\\u044c\\u0437\\u043e\\u0432\\u0430\\u0442\\u0435\\u043b\\u044c\",\"Permissions\":{\"Read\":true,\"Write\":true}},{\"Name\":\"order\",\"RusName\":\"\\u0417\\u0430\\u043a\\u0430\\u0437\\u044b\",\"Permissions\":{\"Read\":false,\"Write\":false}},{\"Name\":\"report\",\"RusName\":\"\\u041e\\u0442\\u0447\\u0435\\u0442\\u044b\",\"Permissions\":{\"Read\":false,\"Write\":false}},{\"Name\":\"setting\",\"RusName\":\"\\u041d\\u0430\\u0441\\u0442\\u0440\\u043e\\u0439\\u043a\\u0438\",\"Permissions\":{\"Read\":false,\"Write\":false}},{\"Name\":\"dict\",\"RusName\":\"\\u0421\\u043b\\u043e\\u0432\\u0430\\u0440\\u0438\",\"Permissions\":{\"Read\":false,\"Write\":false}}],\"Directories\":[{\"Name\":\"Order\",\"RusName\":\"\\u0417\\u0430\\u043a\\u0430\\u0437\\u044b\",\"Permissions\":{\"Read\":false,\"Write\":false}},{\"Name\":\"Client\",\"RusName\":\"\\u041a\\u043b\\u0438\\u0435\\u043d\\u0442\\u044b\",\"Permissions\":{\"Read\":false,\"Write\":false}},{\"Name\":\"Delivery\",\"RusName\":\"\\u0422\\u0438\\u043f\\u044b \\u0414\\u043e\\u0441\\u0442\\u0430\\u0432\\u043a\\u0438\",\"Permissions\":{\"Read\":false,\"Write\":false}},{\"Name\":\"Payment\",\"RusName\":\"\\u0422\\u0438\\u043f\\u044b \\u041e\\u043f\\u043b\\u0430\\u0442\\u044b\",\"Permissions\":{\"Read\":false,\"Write\":false}},{\"Name\":\"OrderStatus\",\"RusName\":\"\\u0421\\u0442\\u0430\\u0442\\u0443\\u0441\\u044b \\u0437\\u0430\\u043a\\u0430\\u0437\\u0430\",\"Permissions\":{\"Read\":false,\"Write\":false}},{\"Name\":\"Car\",\"RusName\":\"\\u0410\\u0432\\u0442\\u043e\\u043c\\u043e\\u0431\\u0438\\u043b\\u0438\",\"Permissions\":{\"Read\":false,\"Write\":false}},{\"Name\":\"CarMark\",\"RusName\":\"\\u041c\\u0430\\u0440\\u043a\\u0438\",\"Permissions\":{\"Read\":false,\"Write\":false}},{\"Name\":\"CarModel\",\"RusName\":\"\\u041c\\u043e\\u0434\\u0435\\u043b\\u0438\",\"Permissions\":{\"Read\":false,\"Write\":false}},{\"Name\":\"CarCountry\",\"RusName\":\"\\u0421\\u0442\\u0440\\u0430\\u043d\\u044b\",\"Permissions\":{\"Read\":false,\"Write\":false}},{\"Name\":\"CarType\",\"RusName\":\"\\u0422\\u0438\\u043f\\u044b \\u043a\\u0443\\u0437\\u043e\\u0432\\u0430\",\"Permissions\":{\"Read\":false,\"Write\":false}},{\"Name\":\"CarColor\",\"RusName\":\"\\u0426\\u0432\\u0435\\u0442\\u0430\",\"Permissions\":{\"Read\":false,\"Write\":false}},{\"Name\":\"CarMarkModelCountry\",\"RusName\":\"\\u041c\\u0430\\u0440\\u043a\\u0430 - \\u041c\\u043e\\u0434\\u0435\\u043b\\u044c\",\"Permissions\":{\"Read\":false,\"Write\":false}},{\"Name\":\"User\",\"RusName\":\"\\u0421\\u043e\\u0442\\u0440\\u0443\\u0434\\u043d\\u0438\\u043a\\u0438\",\"Permissions\":{\"Read\":true,\"Write\":false}},{\"Name\":\"UserDepartment\",\"RusName\":\"\\u041e\\u0442\\u0434\\u0435\\u043b\\u044b\",\"Permissions\":{\"Read\":false,\"Write\":false}},{\"Name\":\"UserPosition\",\"RusName\":\"\\u0414\\u043e\\u043b\\u0436\\u043d\\u043e\\u0441\\u0442\\u0438\",\"Permissions\":{\"Read\":false,\"Write\":false}},{\"Name\":\"UserStatus\",\"RusName\":\"\\u0421\\u0442\\u0430\\u0442\\u0443\\u0441\\u044b\",\"Permissions\":{\"Read\":false,\"Write\":false}},{\"Name\":\"UserDepartmentPosition\",\"RusName\":\"\\u041e\\u0442\\u0434\\u0435\\u043b - \\u0414\\u043e\\u043b\\u0436\\u043d\\u043e\\u0441\\u0442\\u044c\",\"Permissions\":{\"Read\":false,\"Write\":false}}]}', NULL, 'QNhbZ8kF8v', '2025-06-05 07:03:44', '2025-06-05 07:03:44'),
(5, 'daphne.white', '$2y$12$bcqVo2HE7Gsi7222/5IKMOG08Zv.QTxcX9TGBoXiSZWu.WCIyYCwW', 'Иннокентий', 'Фадеев', 'Дмитриевич', 'zanna36@example.net', '+79666881683', '1992-10-16', 4, 13, '2011-05-02', 2, '2007-01-03', '{\"Tabs\":[{\"Name\":\"user\",\"RusName\":\"\\u041f\\u043e\\u043b\\u044c\\u0437\\u043e\\u0432\\u0430\\u0442\\u0435\\u043b\\u044c\",\"Permissions\":{\"Read\":true,\"Write\":true}},{\"Name\":\"order\",\"RusName\":\"\\u0417\\u0430\\u043a\\u0430\\u0437\\u044b\",\"Permissions\":{\"Read\":false,\"Write\":false}},{\"Name\":\"report\",\"RusName\":\"\\u041e\\u0442\\u0447\\u0435\\u0442\\u044b\",\"Permissions\":{\"Read\":false,\"Write\":false}},{\"Name\":\"setting\",\"RusName\":\"\\u041d\\u0430\\u0441\\u0442\\u0440\\u043e\\u0439\\u043a\\u0438\",\"Permissions\":{\"Read\":false,\"Write\":false}},{\"Name\":\"dict\",\"RusName\":\"\\u0421\\u043b\\u043e\\u0432\\u0430\\u0440\\u0438\",\"Permissions\":{\"Read\":false,\"Write\":false}}],\"Directories\":[{\"Name\":\"Order\",\"RusName\":\"\\u0417\\u0430\\u043a\\u0430\\u0437\\u044b\",\"Permissions\":{\"Read\":false,\"Write\":false}},{\"Name\":\"Client\",\"RusName\":\"\\u041a\\u043b\\u0438\\u0435\\u043d\\u0442\\u044b\",\"Permissions\":{\"Read\":false,\"Write\":false}},{\"Name\":\"Delivery\",\"RusName\":\"\\u0422\\u0438\\u043f\\u044b \\u0414\\u043e\\u0441\\u0442\\u0430\\u0432\\u043a\\u0438\",\"Permissions\":{\"Read\":false,\"Write\":false}},{\"Name\":\"Payment\",\"RusName\":\"\\u0422\\u0438\\u043f\\u044b \\u041e\\u043f\\u043b\\u0430\\u0442\\u044b\",\"Permissions\":{\"Read\":false,\"Write\":false}},{\"Name\":\"OrderStatus\",\"RusName\":\"\\u0421\\u0442\\u0430\\u0442\\u0443\\u0441\\u044b \\u0437\\u0430\\u043a\\u0430\\u0437\\u0430\",\"Permissions\":{\"Read\":false,\"Write\":false}},{\"Name\":\"Car\",\"RusName\":\"\\u0410\\u0432\\u0442\\u043e\\u043c\\u043e\\u0431\\u0438\\u043b\\u0438\",\"Permissions\":{\"Read\":false,\"Write\":false}},{\"Name\":\"CarMark\",\"RusName\":\"\\u041c\\u0430\\u0440\\u043a\\u0438\",\"Permissions\":{\"Read\":false,\"Write\":false}},{\"Name\":\"CarModel\",\"RusName\":\"\\u041c\\u043e\\u0434\\u0435\\u043b\\u0438\",\"Permissions\":{\"Read\":false,\"Write\":false}},{\"Name\":\"CarCountry\",\"RusName\":\"\\u0421\\u0442\\u0440\\u0430\\u043d\\u044b\",\"Permissions\":{\"Read\":false,\"Write\":false}},{\"Name\":\"CarType\",\"RusName\":\"\\u0422\\u0438\\u043f\\u044b \\u043a\\u0443\\u0437\\u043e\\u0432\\u0430\",\"Permissions\":{\"Read\":false,\"Write\":false}},{\"Name\":\"CarColor\",\"RusName\":\"\\u0426\\u0432\\u0435\\u0442\\u0430\",\"Permissions\":{\"Read\":false,\"Write\":false}},{\"Name\":\"CarMarkModelCountry\",\"RusName\":\"\\u041c\\u0430\\u0440\\u043a\\u0430 - \\u041c\\u043e\\u0434\\u0435\\u043b\\u044c\",\"Permissions\":{\"Read\":false,\"Write\":false}},{\"Name\":\"User\",\"RusName\":\"\\u0421\\u043e\\u0442\\u0440\\u0443\\u0434\\u043d\\u0438\\u043a\\u0438\",\"Permissions\":{\"Read\":true,\"Write\":false}},{\"Name\":\"UserDepartment\",\"RusName\":\"\\u041e\\u0442\\u0434\\u0435\\u043b\\u044b\",\"Permissions\":{\"Read\":false,\"Write\":false}},{\"Name\":\"UserPosition\",\"RusName\":\"\\u0414\\u043e\\u043b\\u0436\\u043d\\u043e\\u0441\\u0442\\u0438\",\"Permissions\":{\"Read\":false,\"Write\":false}},{\"Name\":\"UserStatus\",\"RusName\":\"\\u0421\\u0442\\u0430\\u0442\\u0443\\u0441\\u044b\",\"Permissions\":{\"Read\":false,\"Write\":false}},{\"Name\":\"UserDepartmentPosition\",\"RusName\":\"\\u041e\\u0442\\u0434\\u0435\\u043b - \\u0414\\u043e\\u043b\\u0436\\u043d\\u043e\\u0441\\u0442\\u044c\",\"Permissions\":{\"Read\":false,\"Write\":false}}]}', NULL, 'xVUjaKcNxh', '2025-06-05 07:03:44', '2025-06-05 07:03:44'),
(6, 'savanna90', '$2y$12$bcqVo2HE7Gsi7222/5IKMOG08Zv.QTxcX9TGBoXiSZWu.WCIyYCwW', 'Родион', 'Дмитриев', 'Иванович', 'avgust33@example.org', '+79681579385', '1983-07-03', 1, 1, '2017-05-22', 2, '1985-02-06', '{\"Tabs\":[{\"Name\":\"user\",\"RusName\":\"\\u041f\\u043e\\u043b\\u044c\\u0437\\u043e\\u0432\\u0430\\u0442\\u0435\\u043b\\u044c\",\"Permissions\":{\"Read\":true,\"Write\":true}},{\"Name\":\"order\",\"RusName\":\"\\u0417\\u0430\\u043a\\u0430\\u0437\\u044b\",\"Permissions\":{\"Read\":false,\"Write\":false}},{\"Name\":\"report\",\"RusName\":\"\\u041e\\u0442\\u0447\\u0435\\u0442\\u044b\",\"Permissions\":{\"Read\":false,\"Write\":false}},{\"Name\":\"setting\",\"RusName\":\"\\u041d\\u0430\\u0441\\u0442\\u0440\\u043e\\u0439\\u043a\\u0438\",\"Permissions\":{\"Read\":false,\"Write\":false}},{\"Name\":\"dict\",\"RusName\":\"\\u0421\\u043b\\u043e\\u0432\\u0430\\u0440\\u0438\",\"Permissions\":{\"Read\":false,\"Write\":false}}],\"Directories\":[{\"Name\":\"Order\",\"RusName\":\"\\u0417\\u0430\\u043a\\u0430\\u0437\\u044b\",\"Permissions\":{\"Read\":false,\"Write\":false}},{\"Name\":\"Client\",\"RusName\":\"\\u041a\\u043b\\u0438\\u0435\\u043d\\u0442\\u044b\",\"Permissions\":{\"Read\":false,\"Write\":false}},{\"Name\":\"Delivery\",\"RusName\":\"\\u0422\\u0438\\u043f\\u044b \\u0414\\u043e\\u0441\\u0442\\u0430\\u0432\\u043a\\u0438\",\"Permissions\":{\"Read\":false,\"Write\":false}},{\"Name\":\"Payment\",\"RusName\":\"\\u0422\\u0438\\u043f\\u044b \\u041e\\u043f\\u043b\\u0430\\u0442\\u044b\",\"Permissions\":{\"Read\":false,\"Write\":false}},{\"Name\":\"OrderStatus\",\"RusName\":\"\\u0421\\u0442\\u0430\\u0442\\u0443\\u0441\\u044b \\u0437\\u0430\\u043a\\u0430\\u0437\\u0430\",\"Permissions\":{\"Read\":false,\"Write\":false}},{\"Name\":\"Car\",\"RusName\":\"\\u0410\\u0432\\u0442\\u043e\\u043c\\u043e\\u0431\\u0438\\u043b\\u0438\",\"Permissions\":{\"Read\":false,\"Write\":false}},{\"Name\":\"CarMark\",\"RusName\":\"\\u041c\\u0430\\u0440\\u043a\\u0438\",\"Permissions\":{\"Read\":false,\"Write\":false}},{\"Name\":\"CarModel\",\"RusName\":\"\\u041c\\u043e\\u0434\\u0435\\u043b\\u0438\",\"Permissions\":{\"Read\":false,\"Write\":false}},{\"Name\":\"CarCountry\",\"RusName\":\"\\u0421\\u0442\\u0440\\u0430\\u043d\\u044b\",\"Permissions\":{\"Read\":false,\"Write\":false}},{\"Name\":\"CarType\",\"RusName\":\"\\u0422\\u0438\\u043f\\u044b \\u043a\\u0443\\u0437\\u043e\\u0432\\u0430\",\"Permissions\":{\"Read\":false,\"Write\":false}},{\"Name\":\"CarColor\",\"RusName\":\"\\u0426\\u0432\\u0435\\u0442\\u0430\",\"Permissions\":{\"Read\":false,\"Write\":false}},{\"Name\":\"CarMarkModelCountry\",\"RusName\":\"\\u041c\\u0430\\u0440\\u043a\\u0430 - \\u041c\\u043e\\u0434\\u0435\\u043b\\u044c\",\"Permissions\":{\"Read\":false,\"Write\":false}},{\"Name\":\"User\",\"RusName\":\"\\u0421\\u043e\\u0442\\u0440\\u0443\\u0434\\u043d\\u0438\\u043a\\u0438\",\"Permissions\":{\"Read\":true,\"Write\":false}},{\"Name\":\"UserDepartment\",\"RusName\":\"\\u041e\\u0442\\u0434\\u0435\\u043b\\u044b\",\"Permissions\":{\"Read\":false,\"Write\":false}},{\"Name\":\"UserPosition\",\"RusName\":\"\\u0414\\u043e\\u043b\\u0436\\u043d\\u043e\\u0441\\u0442\\u0438\",\"Permissions\":{\"Read\":false,\"Write\":false}},{\"Name\":\"UserStatus\",\"RusName\":\"\\u0421\\u0442\\u0430\\u0442\\u0443\\u0441\\u044b\",\"Permissions\":{\"Read\":false,\"Write\":false}},{\"Name\":\"UserDepartmentPosition\",\"RusName\":\"\\u041e\\u0442\\u0434\\u0435\\u043b - \\u0414\\u043e\\u043b\\u0436\\u043d\\u043e\\u0441\\u0442\\u044c\",\"Permissions\":{\"Read\":false,\"Write\":false}}]}', NULL, 'N2PLo26LVv', '2025-06-05 07:03:44', '2025-06-05 07:03:44'),
(7, 'sanford.abernathy', '$2y$12$bcqVo2HE7Gsi7222/5IKMOG08Zv.QTxcX9TGBoXiSZWu.WCIyYCwW', 'Савва', 'Полякова', 'Владимирович', 'miheev.antonina@example.com', '+79760256954', '2000-04-10', 5, 6, '2018-05-04', 3, '1994-09-25', '{\"Tabs\":[{\"Name\":\"user\",\"RusName\":\"\\u041f\\u043e\\u043b\\u044c\\u0437\\u043e\\u0432\\u0430\\u0442\\u0435\\u043b\\u044c\",\"Permissions\":{\"Read\":true,\"Write\":true}},{\"Name\":\"order\",\"RusName\":\"\\u0417\\u0430\\u043a\\u0430\\u0437\\u044b\",\"Permissions\":{\"Read\":false,\"Write\":false}},{\"Name\":\"report\",\"RusName\":\"\\u041e\\u0442\\u0447\\u0435\\u0442\\u044b\",\"Permissions\":{\"Read\":false,\"Write\":false}},{\"Name\":\"setting\",\"RusName\":\"\\u041d\\u0430\\u0441\\u0442\\u0440\\u043e\\u0439\\u043a\\u0438\",\"Permissions\":{\"Read\":false,\"Write\":false}},{\"Name\":\"dict\",\"RusName\":\"\\u0421\\u043b\\u043e\\u0432\\u0430\\u0440\\u0438\",\"Permissions\":{\"Read\":false,\"Write\":false}}],\"Directories\":[{\"Name\":\"Order\",\"RusName\":\"\\u0417\\u0430\\u043a\\u0430\\u0437\\u044b\",\"Permissions\":{\"Read\":false,\"Write\":false}},{\"Name\":\"Client\",\"RusName\":\"\\u041a\\u043b\\u0438\\u0435\\u043d\\u0442\\u044b\",\"Permissions\":{\"Read\":false,\"Write\":false}},{\"Name\":\"Delivery\",\"RusName\":\"\\u0422\\u0438\\u043f\\u044b \\u0414\\u043e\\u0441\\u0442\\u0430\\u0432\\u043a\\u0438\",\"Permissions\":{\"Read\":false,\"Write\":false}},{\"Name\":\"Payment\",\"RusName\":\"\\u0422\\u0438\\u043f\\u044b \\u041e\\u043f\\u043b\\u0430\\u0442\\u044b\",\"Permissions\":{\"Read\":false,\"Write\":false}},{\"Name\":\"OrderStatus\",\"RusName\":\"\\u0421\\u0442\\u0430\\u0442\\u0443\\u0441\\u044b \\u0437\\u0430\\u043a\\u0430\\u0437\\u0430\",\"Permissions\":{\"Read\":false,\"Write\":false}},{\"Name\":\"Car\",\"RusName\":\"\\u0410\\u0432\\u0442\\u043e\\u043c\\u043e\\u0431\\u0438\\u043b\\u0438\",\"Permissions\":{\"Read\":false,\"Write\":false}},{\"Name\":\"CarMark\",\"RusName\":\"\\u041c\\u0430\\u0440\\u043a\\u0438\",\"Permissions\":{\"Read\":false,\"Write\":false}},{\"Name\":\"CarModel\",\"RusName\":\"\\u041c\\u043e\\u0434\\u0435\\u043b\\u0438\",\"Permissions\":{\"Read\":false,\"Write\":false}},{\"Name\":\"CarCountry\",\"RusName\":\"\\u0421\\u0442\\u0440\\u0430\\u043d\\u044b\",\"Permissions\":{\"Read\":false,\"Write\":false}},{\"Name\":\"CarType\",\"RusName\":\"\\u0422\\u0438\\u043f\\u044b \\u043a\\u0443\\u0437\\u043e\\u0432\\u0430\",\"Permissions\":{\"Read\":false,\"Write\":false}},{\"Name\":\"CarColor\",\"RusName\":\"\\u0426\\u0432\\u0435\\u0442\\u0430\",\"Permissions\":{\"Read\":false,\"Write\":false}},{\"Name\":\"CarMarkModelCountry\",\"RusName\":\"\\u041c\\u0430\\u0440\\u043a\\u0430 - \\u041c\\u043e\\u0434\\u0435\\u043b\\u044c\",\"Permissions\":{\"Read\":false,\"Write\":false}},{\"Name\":\"User\",\"RusName\":\"\\u0421\\u043e\\u0442\\u0440\\u0443\\u0434\\u043d\\u0438\\u043a\\u0438\",\"Permissions\":{\"Read\":true,\"Write\":false}},{\"Name\":\"UserDepartment\",\"RusName\":\"\\u041e\\u0442\\u0434\\u0435\\u043b\\u044b\",\"Permissions\":{\"Read\":false,\"Write\":false}},{\"Name\":\"UserPosition\",\"RusName\":\"\\u0414\\u043e\\u043b\\u0436\\u043d\\u043e\\u0441\\u0442\\u0438\",\"Permissions\":{\"Read\":false,\"Write\":false}},{\"Name\":\"UserStatus\",\"RusName\":\"\\u0421\\u0442\\u0430\\u0442\\u0443\\u0441\\u044b\",\"Permissions\":{\"Read\":false,\"Write\":false}},{\"Name\":\"UserDepartmentPosition\",\"RusName\":\"\\u041e\\u0442\\u0434\\u0435\\u043b - \\u0414\\u043e\\u043b\\u0436\\u043d\\u043e\\u0441\\u0442\\u044c\",\"Permissions\":{\"Read\":false,\"Write\":false}}]}', NULL, 'wF7TO56Fse', '2025-06-05 07:03:44', '2025-06-05 07:03:44'),
(8, 'rutherford.garfield', '$2y$12$bcqVo2HE7Gsi7222/5IKMOG08Zv.QTxcX9TGBoXiSZWu.WCIyYCwW', 'Иосиф', 'Волков', 'Павлович', 'vladimir26@example.org', '+79468785291', '2002-12-20', 4, 6, '1999-02-10', 4, '1995-12-30', '{\"Tabs\":[{\"Name\":\"user\",\"RusName\":\"\\u041f\\u043e\\u043b\\u044c\\u0437\\u043e\\u0432\\u0430\\u0442\\u0435\\u043b\\u044c\",\"Permissions\":{\"Read\":true,\"Write\":true}},{\"Name\":\"order\",\"RusName\":\"\\u0417\\u0430\\u043a\\u0430\\u0437\\u044b\",\"Permissions\":{\"Read\":false,\"Write\":false}},{\"Name\":\"report\",\"RusName\":\"\\u041e\\u0442\\u0447\\u0435\\u0442\\u044b\",\"Permissions\":{\"Read\":false,\"Write\":false}},{\"Name\":\"setting\",\"RusName\":\"\\u041d\\u0430\\u0441\\u0442\\u0440\\u043e\\u0439\\u043a\\u0438\",\"Permissions\":{\"Read\":false,\"Write\":false}},{\"Name\":\"dict\",\"RusName\":\"\\u0421\\u043b\\u043e\\u0432\\u0430\\u0440\\u0438\",\"Permissions\":{\"Read\":false,\"Write\":false}}],\"Directories\":[{\"Name\":\"Order\",\"RusName\":\"\\u0417\\u0430\\u043a\\u0430\\u0437\\u044b\",\"Permissions\":{\"Read\":false,\"Write\":false}},{\"Name\":\"Client\",\"RusName\":\"\\u041a\\u043b\\u0438\\u0435\\u043d\\u0442\\u044b\",\"Permissions\":{\"Read\":false,\"Write\":false}},{\"Name\":\"Delivery\",\"RusName\":\"\\u0422\\u0438\\u043f\\u044b \\u0414\\u043e\\u0441\\u0442\\u0430\\u0432\\u043a\\u0438\",\"Permissions\":{\"Read\":false,\"Write\":false}},{\"Name\":\"Payment\",\"RusName\":\"\\u0422\\u0438\\u043f\\u044b \\u041e\\u043f\\u043b\\u0430\\u0442\\u044b\",\"Permissions\":{\"Read\":false,\"Write\":false}},{\"Name\":\"OrderStatus\",\"RusName\":\"\\u0421\\u0442\\u0430\\u0442\\u0443\\u0441\\u044b \\u0437\\u0430\\u043a\\u0430\\u0437\\u0430\",\"Permissions\":{\"Read\":false,\"Write\":false}},{\"Name\":\"Car\",\"RusName\":\"\\u0410\\u0432\\u0442\\u043e\\u043c\\u043e\\u0431\\u0438\\u043b\\u0438\",\"Permissions\":{\"Read\":false,\"Write\":false}},{\"Name\":\"CarMark\",\"RusName\":\"\\u041c\\u0430\\u0440\\u043a\\u0438\",\"Permissions\":{\"Read\":false,\"Write\":false}},{\"Name\":\"CarModel\",\"RusName\":\"\\u041c\\u043e\\u0434\\u0435\\u043b\\u0438\",\"Permissions\":{\"Read\":false,\"Write\":false}},{\"Name\":\"CarCountry\",\"RusName\":\"\\u0421\\u0442\\u0440\\u0430\\u043d\\u044b\",\"Permissions\":{\"Read\":false,\"Write\":false}},{\"Name\":\"CarType\",\"RusName\":\"\\u0422\\u0438\\u043f\\u044b \\u043a\\u0443\\u0437\\u043e\\u0432\\u0430\",\"Permissions\":{\"Read\":false,\"Write\":false}},{\"Name\":\"CarColor\",\"RusName\":\"\\u0426\\u0432\\u0435\\u0442\\u0430\",\"Permissions\":{\"Read\":false,\"Write\":false}},{\"Name\":\"CarMarkModelCountry\",\"RusName\":\"\\u041c\\u0430\\u0440\\u043a\\u0430 - \\u041c\\u043e\\u0434\\u0435\\u043b\\u044c\",\"Permissions\":{\"Read\":false,\"Write\":false}},{\"Name\":\"User\",\"RusName\":\"\\u0421\\u043e\\u0442\\u0440\\u0443\\u0434\\u043d\\u0438\\u043a\\u0438\",\"Permissions\":{\"Read\":true,\"Write\":false}},{\"Name\":\"UserDepartment\",\"RusName\":\"\\u041e\\u0442\\u0434\\u0435\\u043b\\u044b\",\"Permissions\":{\"Read\":false,\"Write\":false}},{\"Name\":\"UserPosition\",\"RusName\":\"\\u0414\\u043e\\u043b\\u0436\\u043d\\u043e\\u0441\\u0442\\u0438\",\"Permissions\":{\"Read\":false,\"Write\":false}},{\"Name\":\"UserStatus\",\"RusName\":\"\\u0421\\u0442\\u0430\\u0442\\u0443\\u0441\\u044b\",\"Permissions\":{\"Read\":false,\"Write\":false}},{\"Name\":\"UserDepartmentPosition\",\"RusName\":\"\\u041e\\u0442\\u0434\\u0435\\u043b - \\u0414\\u043e\\u043b\\u0436\\u043d\\u043e\\u0441\\u0442\\u044c\",\"Permissions\":{\"Read\":false,\"Write\":false}}]}', NULL, '1e5nRZmph1', '2025-06-05 07:03:44', '2025-06-05 07:03:44'),
(9, 'mcdermott.kenny', '$2y$12$bcqVo2HE7Gsi7222/5IKMOG08Zv.QTxcX9TGBoXiSZWu.WCIyYCwW', 'Арсений', 'Тарасов', 'Михайлович', 'nadezda.sidorov@example.com', '+79952286535', '1980-08-27', 5, 10, '1988-11-14', 2, '1996-10-08', '{\"Tabs\":[{\"Name\":\"user\",\"RusName\":\"\\u041f\\u043e\\u043b\\u044c\\u0437\\u043e\\u0432\\u0430\\u0442\\u0435\\u043b\\u044c\",\"Permissions\":{\"Read\":true,\"Write\":true}},{\"Name\":\"order\",\"RusName\":\"\\u0417\\u0430\\u043a\\u0430\\u0437\\u044b\",\"Permissions\":{\"Read\":false,\"Write\":false}},{\"Name\":\"report\",\"RusName\":\"\\u041e\\u0442\\u0447\\u0435\\u0442\\u044b\",\"Permissions\":{\"Read\":false,\"Write\":false}},{\"Name\":\"setting\",\"RusName\":\"\\u041d\\u0430\\u0441\\u0442\\u0440\\u043e\\u0439\\u043a\\u0438\",\"Permissions\":{\"Read\":false,\"Write\":false}},{\"Name\":\"dict\",\"RusName\":\"\\u0421\\u043b\\u043e\\u0432\\u0430\\u0440\\u0438\",\"Permissions\":{\"Read\":false,\"Write\":false}}],\"Directories\":[{\"Name\":\"Order\",\"RusName\":\"\\u0417\\u0430\\u043a\\u0430\\u0437\\u044b\",\"Permissions\":{\"Read\":false,\"Write\":false}},{\"Name\":\"Client\",\"RusName\":\"\\u041a\\u043b\\u0438\\u0435\\u043d\\u0442\\u044b\",\"Permissions\":{\"Read\":false,\"Write\":false}},{\"Name\":\"Delivery\",\"RusName\":\"\\u0422\\u0438\\u043f\\u044b \\u0414\\u043e\\u0441\\u0442\\u0430\\u0432\\u043a\\u0438\",\"Permissions\":{\"Read\":false,\"Write\":false}},{\"Name\":\"Payment\",\"RusName\":\"\\u0422\\u0438\\u043f\\u044b \\u041e\\u043f\\u043b\\u0430\\u0442\\u044b\",\"Permissions\":{\"Read\":false,\"Write\":false}},{\"Name\":\"OrderStatus\",\"RusName\":\"\\u0421\\u0442\\u0430\\u0442\\u0443\\u0441\\u044b \\u0437\\u0430\\u043a\\u0430\\u0437\\u0430\",\"Permissions\":{\"Read\":false,\"Write\":false}},{\"Name\":\"Car\",\"RusName\":\"\\u0410\\u0432\\u0442\\u043e\\u043c\\u043e\\u0431\\u0438\\u043b\\u0438\",\"Permissions\":{\"Read\":false,\"Write\":false}},{\"Name\":\"CarMark\",\"RusName\":\"\\u041c\\u0430\\u0440\\u043a\\u0438\",\"Permissions\":{\"Read\":false,\"Write\":false}},{\"Name\":\"CarModel\",\"RusName\":\"\\u041c\\u043e\\u0434\\u0435\\u043b\\u0438\",\"Permissions\":{\"Read\":false,\"Write\":false}},{\"Name\":\"CarCountry\",\"RusName\":\"\\u0421\\u0442\\u0440\\u0430\\u043d\\u044b\",\"Permissions\":{\"Read\":false,\"Write\":false}},{\"Name\":\"CarType\",\"RusName\":\"\\u0422\\u0438\\u043f\\u044b \\u043a\\u0443\\u0437\\u043e\\u0432\\u0430\",\"Permissions\":{\"Read\":false,\"Write\":false}},{\"Name\":\"CarColor\",\"RusName\":\"\\u0426\\u0432\\u0435\\u0442\\u0430\",\"Permissions\":{\"Read\":false,\"Write\":false}},{\"Name\":\"CarMarkModelCountry\",\"RusName\":\"\\u041c\\u0430\\u0440\\u043a\\u0430 - \\u041c\\u043e\\u0434\\u0435\\u043b\\u044c\",\"Permissions\":{\"Read\":false,\"Write\":false}},{\"Name\":\"User\",\"RusName\":\"\\u0421\\u043e\\u0442\\u0440\\u0443\\u0434\\u043d\\u0438\\u043a\\u0438\",\"Permissions\":{\"Read\":true,\"Write\":false}},{\"Name\":\"UserDepartment\",\"RusName\":\"\\u041e\\u0442\\u0434\\u0435\\u043b\\u044b\",\"Permissions\":{\"Read\":false,\"Write\":false}},{\"Name\":\"UserPosition\",\"RusName\":\"\\u0414\\u043e\\u043b\\u0436\\u043d\\u043e\\u0441\\u0442\\u0438\",\"Permissions\":{\"Read\":false,\"Write\":false}},{\"Name\":\"UserStatus\",\"RusName\":\"\\u0421\\u0442\\u0430\\u0442\\u0443\\u0441\\u044b\",\"Permissions\":{\"Read\":false,\"Write\":false}},{\"Name\":\"UserDepartmentPosition\",\"RusName\":\"\\u041e\\u0442\\u0434\\u0435\\u043b - \\u0414\\u043e\\u043b\\u0436\\u043d\\u043e\\u0441\\u0442\\u044c\",\"Permissions\":{\"Read\":false,\"Write\":false}}]}', NULL, 'FTmKnEx84K', '2025-06-05 07:03:44', '2025-06-05 07:03:44'),
(10, 'shand', '$2y$12$bcqVo2HE7Gsi7222/5IKMOG08Zv.QTxcX9TGBoXiSZWu.WCIyYCwW', 'Артём', 'Казакова', 'Павлович', 'jkonovalova@example.org', '+79646167338', '1974-08-25', 3, 7, '1970-03-06', 1, '1972-04-22', '{\"Tabs\":[{\"Name\":\"user\",\"RusName\":\"\\u041f\\u043e\\u043b\\u044c\\u0437\\u043e\\u0432\\u0430\\u0442\\u0435\\u043b\\u044c\",\"Permissions\":{\"Read\":true,\"Write\":true}},{\"Name\":\"order\",\"RusName\":\"\\u0417\\u0430\\u043a\\u0430\\u0437\\u044b\",\"Permissions\":{\"Read\":false,\"Write\":false}},{\"Name\":\"report\",\"RusName\":\"\\u041e\\u0442\\u0447\\u0435\\u0442\\u044b\",\"Permissions\":{\"Read\":false,\"Write\":false}},{\"Name\":\"setting\",\"RusName\":\"\\u041d\\u0430\\u0441\\u0442\\u0440\\u043e\\u0439\\u043a\\u0438\",\"Permissions\":{\"Read\":false,\"Write\":false}},{\"Name\":\"dict\",\"RusName\":\"\\u0421\\u043b\\u043e\\u0432\\u0430\\u0440\\u0438\",\"Permissions\":{\"Read\":false,\"Write\":false}}],\"Directories\":[{\"Name\":\"Order\",\"RusName\":\"\\u0417\\u0430\\u043a\\u0430\\u0437\\u044b\",\"Permissions\":{\"Read\":false,\"Write\":false}},{\"Name\":\"Client\",\"RusName\":\"\\u041a\\u043b\\u0438\\u0435\\u043d\\u0442\\u044b\",\"Permissions\":{\"Read\":false,\"Write\":false}},{\"Name\":\"Delivery\",\"RusName\":\"\\u0422\\u0438\\u043f\\u044b \\u0414\\u043e\\u0441\\u0442\\u0430\\u0432\\u043a\\u0438\",\"Permissions\":{\"Read\":false,\"Write\":false}},{\"Name\":\"Payment\",\"RusName\":\"\\u0422\\u0438\\u043f\\u044b \\u041e\\u043f\\u043b\\u0430\\u0442\\u044b\",\"Permissions\":{\"Read\":false,\"Write\":false}},{\"Name\":\"OrderStatus\",\"RusName\":\"\\u0421\\u0442\\u0430\\u0442\\u0443\\u0441\\u044b \\u0437\\u0430\\u043a\\u0430\\u0437\\u0430\",\"Permissions\":{\"Read\":false,\"Write\":false}},{\"Name\":\"Car\",\"RusName\":\"\\u0410\\u0432\\u0442\\u043e\\u043c\\u043e\\u0431\\u0438\\u043b\\u0438\",\"Permissions\":{\"Read\":false,\"Write\":false}},{\"Name\":\"CarMark\",\"RusName\":\"\\u041c\\u0430\\u0440\\u043a\\u0438\",\"Permissions\":{\"Read\":false,\"Write\":false}},{\"Name\":\"CarModel\",\"RusName\":\"\\u041c\\u043e\\u0434\\u0435\\u043b\\u0438\",\"Permissions\":{\"Read\":false,\"Write\":false}},{\"Name\":\"CarCountry\",\"RusName\":\"\\u0421\\u0442\\u0440\\u0430\\u043d\\u044b\",\"Permissions\":{\"Read\":false,\"Write\":false}},{\"Name\":\"CarType\",\"RusName\":\"\\u0422\\u0438\\u043f\\u044b \\u043a\\u0443\\u0437\\u043e\\u0432\\u0430\",\"Permissions\":{\"Read\":false,\"Write\":false}},{\"Name\":\"CarColor\",\"RusName\":\"\\u0426\\u0432\\u0435\\u0442\\u0430\",\"Permissions\":{\"Read\":false,\"Write\":false}},{\"Name\":\"CarMarkModelCountry\",\"RusName\":\"\\u041c\\u0430\\u0440\\u043a\\u0430 - \\u041c\\u043e\\u0434\\u0435\\u043b\\u044c\",\"Permissions\":{\"Read\":false,\"Write\":false}},{\"Name\":\"User\",\"RusName\":\"\\u0421\\u043e\\u0442\\u0440\\u0443\\u0434\\u043d\\u0438\\u043a\\u0438\",\"Permissions\":{\"Read\":true,\"Write\":false}},{\"Name\":\"UserDepartment\",\"RusName\":\"\\u041e\\u0442\\u0434\\u0435\\u043b\\u044b\",\"Permissions\":{\"Read\":false,\"Write\":false}},{\"Name\":\"UserPosition\",\"RusName\":\"\\u0414\\u043e\\u043b\\u0436\\u043d\\u043e\\u0441\\u0442\\u0438\",\"Permissions\":{\"Read\":false,\"Write\":false}},{\"Name\":\"UserStatus\",\"RusName\":\"\\u0421\\u0442\\u0430\\u0442\\u0443\\u0441\\u044b\",\"Permissions\":{\"Read\":false,\"Write\":false}},{\"Name\":\"UserDepartmentPosition\",\"RusName\":\"\\u041e\\u0442\\u0434\\u0435\\u043b - \\u0414\\u043e\\u043b\\u0436\\u043d\\u043e\\u0441\\u0442\\u044c\",\"Permissions\":{\"Read\":false,\"Write\":false}}]}', NULL, 'k7QSg3KRJ4', '2025-06-05 07:03:44', '2025-06-05 07:03:44'),
(11, 'patience.pollich', '$2y$12$bcqVo2HE7Gsi7222/5IKMOG08Zv.QTxcX9TGBoXiSZWu.WCIyYCwW', 'Эрик', 'Кудряшова', 'Михайлович', 'igusina@example.net', '+79134317897', '1972-03-09', 4, 12, '1971-09-07', 4, '1991-09-06', '{\"Tabs\":[{\"Name\":\"user\",\"RusName\":\"\\u041f\\u043e\\u043b\\u044c\\u0437\\u043e\\u0432\\u0430\\u0442\\u0435\\u043b\\u044c\",\"Permissions\":{\"Read\":true,\"Write\":true}},{\"Name\":\"order\",\"RusName\":\"\\u0417\\u0430\\u043a\\u0430\\u0437\\u044b\",\"Permissions\":{\"Read\":false,\"Write\":false}},{\"Name\":\"report\",\"RusName\":\"\\u041e\\u0442\\u0447\\u0435\\u0442\\u044b\",\"Permissions\":{\"Read\":false,\"Write\":false}},{\"Name\":\"setting\",\"RusName\":\"\\u041d\\u0430\\u0441\\u0442\\u0440\\u043e\\u0439\\u043a\\u0438\",\"Permissions\":{\"Read\":false,\"Write\":false}},{\"Name\":\"dict\",\"RusName\":\"\\u0421\\u043b\\u043e\\u0432\\u0430\\u0440\\u0438\",\"Permissions\":{\"Read\":false,\"Write\":false}}],\"Directories\":[{\"Name\":\"Order\",\"RusName\":\"\\u0417\\u0430\\u043a\\u0430\\u0437\\u044b\",\"Permissions\":{\"Read\":false,\"Write\":false}},{\"Name\":\"Client\",\"RusName\":\"\\u041a\\u043b\\u0438\\u0435\\u043d\\u0442\\u044b\",\"Permissions\":{\"Read\":false,\"Write\":false}},{\"Name\":\"Delivery\",\"RusName\":\"\\u0422\\u0438\\u043f\\u044b \\u0414\\u043e\\u0441\\u0442\\u0430\\u0432\\u043a\\u0438\",\"Permissions\":{\"Read\":false,\"Write\":false}},{\"Name\":\"Payment\",\"RusName\":\"\\u0422\\u0438\\u043f\\u044b \\u041e\\u043f\\u043b\\u0430\\u0442\\u044b\",\"Permissions\":{\"Read\":false,\"Write\":false}},{\"Name\":\"OrderStatus\",\"RusName\":\"\\u0421\\u0442\\u0430\\u0442\\u0443\\u0441\\u044b \\u0437\\u0430\\u043a\\u0430\\u0437\\u0430\",\"Permissions\":{\"Read\":false,\"Write\":false}},{\"Name\":\"Car\",\"RusName\":\"\\u0410\\u0432\\u0442\\u043e\\u043c\\u043e\\u0431\\u0438\\u043b\\u0438\",\"Permissions\":{\"Read\":false,\"Write\":false}},{\"Name\":\"CarMark\",\"RusName\":\"\\u041c\\u0430\\u0440\\u043a\\u0438\",\"Permissions\":{\"Read\":false,\"Write\":false}},{\"Name\":\"CarModel\",\"RusName\":\"\\u041c\\u043e\\u0434\\u0435\\u043b\\u0438\",\"Permissions\":{\"Read\":false,\"Write\":false}},{\"Name\":\"CarCountry\",\"RusName\":\"\\u0421\\u0442\\u0440\\u0430\\u043d\\u044b\",\"Permissions\":{\"Read\":false,\"Write\":false}},{\"Name\":\"CarType\",\"RusName\":\"\\u0422\\u0438\\u043f\\u044b \\u043a\\u0443\\u0437\\u043e\\u0432\\u0430\",\"Permissions\":{\"Read\":false,\"Write\":false}},{\"Name\":\"CarColor\",\"RusName\":\"\\u0426\\u0432\\u0435\\u0442\\u0430\",\"Permissions\":{\"Read\":false,\"Write\":false}},{\"Name\":\"CarMarkModelCountry\",\"RusName\":\"\\u041c\\u0430\\u0440\\u043a\\u0430 - \\u041c\\u043e\\u0434\\u0435\\u043b\\u044c\",\"Permissions\":{\"Read\":false,\"Write\":false}},{\"Name\":\"User\",\"RusName\":\"\\u0421\\u043e\\u0442\\u0440\\u0443\\u0434\\u043d\\u0438\\u043a\\u0438\",\"Permissions\":{\"Read\":true,\"Write\":false}},{\"Name\":\"UserDepartment\",\"RusName\":\"\\u041e\\u0442\\u0434\\u0435\\u043b\\u044b\",\"Permissions\":{\"Read\":false,\"Write\":false}},{\"Name\":\"UserPosition\",\"RusName\":\"\\u0414\\u043e\\u043b\\u0436\\u043d\\u043e\\u0441\\u0442\\u0438\",\"Permissions\":{\"Read\":false,\"Write\":false}},{\"Name\":\"UserStatus\",\"RusName\":\"\\u0421\\u0442\\u0430\\u0442\\u0443\\u0441\\u044b\",\"Permissions\":{\"Read\":false,\"Write\":false}},{\"Name\":\"UserDepartmentPosition\",\"RusName\":\"\\u041e\\u0442\\u0434\\u0435\\u043b - \\u0414\\u043e\\u043b\\u0436\\u043d\\u043e\\u0441\\u0442\\u044c\",\"Permissions\":{\"Read\":false,\"Write\":false}}]}', NULL, 'epH2kE3jFF', '2025-06-05 07:03:44', '2025-06-05 07:03:44'),
(12, 'reggie37', '$2y$12$bcqVo2HE7Gsi7222/5IKMOG08Zv.QTxcX9TGBoXiSZWu.WCIyYCwW', 'Стефан', 'Бобылёва', 'Дмитриевич', 'valentina62@example.org', '+79895638302', '1980-08-25', 1, 1, '1984-01-08', 4, '2020-11-24', '{\"Tabs\":[{\"Name\":\"user\",\"RusName\":\"\\u041f\\u043e\\u043b\\u044c\\u0437\\u043e\\u0432\\u0430\\u0442\\u0435\\u043b\\u044c\",\"Permissions\":{\"Read\":true,\"Write\":true}},{\"Name\":\"order\",\"RusName\":\"\\u0417\\u0430\\u043a\\u0430\\u0437\\u044b\",\"Permissions\":{\"Read\":false,\"Write\":false}},{\"Name\":\"report\",\"RusName\":\"\\u041e\\u0442\\u0447\\u0435\\u0442\\u044b\",\"Permissions\":{\"Read\":false,\"Write\":false}},{\"Name\":\"setting\",\"RusName\":\"\\u041d\\u0430\\u0441\\u0442\\u0440\\u043e\\u0439\\u043a\\u0438\",\"Permissions\":{\"Read\":false,\"Write\":false}},{\"Name\":\"dict\",\"RusName\":\"\\u0421\\u043b\\u043e\\u0432\\u0430\\u0440\\u0438\",\"Permissions\":{\"Read\":false,\"Write\":false}}],\"Directories\":[{\"Name\":\"Order\",\"RusName\":\"\\u0417\\u0430\\u043a\\u0430\\u0437\\u044b\",\"Permissions\":{\"Read\":false,\"Write\":false}},{\"Name\":\"Client\",\"RusName\":\"\\u041a\\u043b\\u0438\\u0435\\u043d\\u0442\\u044b\",\"Permissions\":{\"Read\":false,\"Write\":false}},{\"Name\":\"Delivery\",\"RusName\":\"\\u0422\\u0438\\u043f\\u044b \\u0414\\u043e\\u0441\\u0442\\u0430\\u0432\\u043a\\u0438\",\"Permissions\":{\"Read\":false,\"Write\":false}},{\"Name\":\"Payment\",\"RusName\":\"\\u0422\\u0438\\u043f\\u044b \\u041e\\u043f\\u043b\\u0430\\u0442\\u044b\",\"Permissions\":{\"Read\":false,\"Write\":false}},{\"Name\":\"OrderStatus\",\"RusName\":\"\\u0421\\u0442\\u0430\\u0442\\u0443\\u0441\\u044b \\u0437\\u0430\\u043a\\u0430\\u0437\\u0430\",\"Permissions\":{\"Read\":false,\"Write\":false}},{\"Name\":\"Car\",\"RusName\":\"\\u0410\\u0432\\u0442\\u043e\\u043c\\u043e\\u0431\\u0438\\u043b\\u0438\",\"Permissions\":{\"Read\":false,\"Write\":false}},{\"Name\":\"CarMark\",\"RusName\":\"\\u041c\\u0430\\u0440\\u043a\\u0438\",\"Permissions\":{\"Read\":false,\"Write\":false}},{\"Name\":\"CarModel\",\"RusName\":\"\\u041c\\u043e\\u0434\\u0435\\u043b\\u0438\",\"Permissions\":{\"Read\":false,\"Write\":false}},{\"Name\":\"CarCountry\",\"RusName\":\"\\u0421\\u0442\\u0440\\u0430\\u043d\\u044b\",\"Permissions\":{\"Read\":false,\"Write\":false}},{\"Name\":\"CarType\",\"RusName\":\"\\u0422\\u0438\\u043f\\u044b \\u043a\\u0443\\u0437\\u043e\\u0432\\u0430\",\"Permissions\":{\"Read\":false,\"Write\":false}},{\"Name\":\"CarColor\",\"RusName\":\"\\u0426\\u0432\\u0435\\u0442\\u0430\",\"Permissions\":{\"Read\":false,\"Write\":false}},{\"Name\":\"CarMarkModelCountry\",\"RusName\":\"\\u041c\\u0430\\u0440\\u043a\\u0430 - \\u041c\\u043e\\u0434\\u0435\\u043b\\u044c\",\"Permissions\":{\"Read\":false,\"Write\":false}},{\"Name\":\"User\",\"RusName\":\"\\u0421\\u043e\\u0442\\u0440\\u0443\\u0434\\u043d\\u0438\\u043a\\u0438\",\"Permissions\":{\"Read\":true,\"Write\":false}},{\"Name\":\"UserDepartment\",\"RusName\":\"\\u041e\\u0442\\u0434\\u0435\\u043b\\u044b\",\"Permissions\":{\"Read\":false,\"Write\":false}},{\"Name\":\"UserPosition\",\"RusName\":\"\\u0414\\u043e\\u043b\\u0436\\u043d\\u043e\\u0441\\u0442\\u0438\",\"Permissions\":{\"Read\":false,\"Write\":false}},{\"Name\":\"UserStatus\",\"RusName\":\"\\u0421\\u0442\\u0430\\u0442\\u0443\\u0441\\u044b\",\"Permissions\":{\"Read\":false,\"Write\":false}},{\"Name\":\"UserDepartmentPosition\",\"RusName\":\"\\u041e\\u0442\\u0434\\u0435\\u043b - \\u0414\\u043e\\u043b\\u0436\\u043d\\u043e\\u0441\\u0442\\u044c\",\"Permissions\":{\"Read\":false,\"Write\":false}}]}', NULL, 'G46fJnf5xA', '2025-06-05 07:03:44', '2025-06-05 07:03:44'),
(13, 'bethany.schowalter', '$2y$12$bcqVo2HE7Gsi7222/5IKMOG08Zv.QTxcX9TGBoXiSZWu.WCIyYCwW', 'Ананий', 'Богданов', 'Михайлович', 'asidorova@example.org', '+79489726007', '1983-03-26', 5, 6, '1983-10-12', 4, '2008-06-01', '{\"Tabs\":[{\"Name\":\"user\",\"RusName\":\"\\u041f\\u043e\\u043b\\u044c\\u0437\\u043e\\u0432\\u0430\\u0442\\u0435\\u043b\\u044c\",\"Permissions\":{\"Read\":true,\"Write\":true}},{\"Name\":\"order\",\"RusName\":\"\\u0417\\u0430\\u043a\\u0430\\u0437\\u044b\",\"Permissions\":{\"Read\":false,\"Write\":false}},{\"Name\":\"report\",\"RusName\":\"\\u041e\\u0442\\u0447\\u0435\\u0442\\u044b\",\"Permissions\":{\"Read\":false,\"Write\":false}},{\"Name\":\"setting\",\"RusName\":\"\\u041d\\u0430\\u0441\\u0442\\u0440\\u043e\\u0439\\u043a\\u0438\",\"Permissions\":{\"Read\":false,\"Write\":false}},{\"Name\":\"dict\",\"RusName\":\"\\u0421\\u043b\\u043e\\u0432\\u0430\\u0440\\u0438\",\"Permissions\":{\"Read\":false,\"Write\":false}}],\"Directories\":[{\"Name\":\"Order\",\"RusName\":\"\\u0417\\u0430\\u043a\\u0430\\u0437\\u044b\",\"Permissions\":{\"Read\":false,\"Write\":false}},{\"Name\":\"Client\",\"RusName\":\"\\u041a\\u043b\\u0438\\u0435\\u043d\\u0442\\u044b\",\"Permissions\":{\"Read\":false,\"Write\":false}},{\"Name\":\"Delivery\",\"RusName\":\"\\u0422\\u0438\\u043f\\u044b \\u0414\\u043e\\u0441\\u0442\\u0430\\u0432\\u043a\\u0438\",\"Permissions\":{\"Read\":false,\"Write\":false}},{\"Name\":\"Payment\",\"RusName\":\"\\u0422\\u0438\\u043f\\u044b \\u041e\\u043f\\u043b\\u0430\\u0442\\u044b\",\"Permissions\":{\"Read\":false,\"Write\":false}},{\"Name\":\"OrderStatus\",\"RusName\":\"\\u0421\\u0442\\u0430\\u0442\\u0443\\u0441\\u044b \\u0437\\u0430\\u043a\\u0430\\u0437\\u0430\",\"Permissions\":{\"Read\":false,\"Write\":false}},{\"Name\":\"Car\",\"RusName\":\"\\u0410\\u0432\\u0442\\u043e\\u043c\\u043e\\u0431\\u0438\\u043b\\u0438\",\"Permissions\":{\"Read\":false,\"Write\":false}},{\"Name\":\"CarMark\",\"RusName\":\"\\u041c\\u0430\\u0440\\u043a\\u0438\",\"Permissions\":{\"Read\":false,\"Write\":false}},{\"Name\":\"CarModel\",\"RusName\":\"\\u041c\\u043e\\u0434\\u0435\\u043b\\u0438\",\"Permissions\":{\"Read\":false,\"Write\":false}},{\"Name\":\"CarCountry\",\"RusName\":\"\\u0421\\u0442\\u0440\\u0430\\u043d\\u044b\",\"Permissions\":{\"Read\":false,\"Write\":false}},{\"Name\":\"CarType\",\"RusName\":\"\\u0422\\u0438\\u043f\\u044b \\u043a\\u0443\\u0437\\u043e\\u0432\\u0430\",\"Permissions\":{\"Read\":false,\"Write\":false}},{\"Name\":\"CarColor\",\"RusName\":\"\\u0426\\u0432\\u0435\\u0442\\u0430\",\"Permissions\":{\"Read\":false,\"Write\":false}},{\"Name\":\"CarMarkModelCountry\",\"RusName\":\"\\u041c\\u0430\\u0440\\u043a\\u0430 - \\u041c\\u043e\\u0434\\u0435\\u043b\\u044c\",\"Permissions\":{\"Read\":false,\"Write\":false}},{\"Name\":\"User\",\"RusName\":\"\\u0421\\u043e\\u0442\\u0440\\u0443\\u0434\\u043d\\u0438\\u043a\\u0438\",\"Permissions\":{\"Read\":true,\"Write\":false}},{\"Name\":\"UserDepartment\",\"RusName\":\"\\u041e\\u0442\\u0434\\u0435\\u043b\\u044b\",\"Permissions\":{\"Read\":false,\"Write\":false}},{\"Name\":\"UserPosition\",\"RusName\":\"\\u0414\\u043e\\u043b\\u0436\\u043d\\u043e\\u0441\\u0442\\u0438\",\"Permissions\":{\"Read\":false,\"Write\":false}},{\"Name\":\"UserStatus\",\"RusName\":\"\\u0421\\u0442\\u0430\\u0442\\u0443\\u0441\\u044b\",\"Permissions\":{\"Read\":false,\"Write\":false}},{\"Name\":\"UserDepartmentPosition\",\"RusName\":\"\\u041e\\u0442\\u0434\\u0435\\u043b - \\u0414\\u043e\\u043b\\u0436\\u043d\\u043e\\u0441\\u0442\\u044c\",\"Permissions\":{\"Read\":false,\"Write\":false}}]}', NULL, 'lMTqesk4SD', '2025-06-05 07:03:44', '2025-06-05 07:03:44'),
(14, 'melvin.okon', '$2y$12$bcqVo2HE7Gsi7222/5IKMOG08Zv.QTxcX9TGBoXiSZWu.WCIyYCwW', 'Макар', 'Овчинникова', 'Александрович', 'erik88@example.com', '+79292585040', '1973-11-29', 1, 1, '1989-04-17', 4, '1986-07-11', '{\"Tabs\":[{\"Name\":\"user\",\"RusName\":\"\\u041f\\u043e\\u043b\\u044c\\u0437\\u043e\\u0432\\u0430\\u0442\\u0435\\u043b\\u044c\",\"Permissions\":{\"Read\":true,\"Write\":true}},{\"Name\":\"order\",\"RusName\":\"\\u0417\\u0430\\u043a\\u0430\\u0437\\u044b\",\"Permissions\":{\"Read\":false,\"Write\":false}},{\"Name\":\"report\",\"RusName\":\"\\u041e\\u0442\\u0447\\u0435\\u0442\\u044b\",\"Permissions\":{\"Read\":false,\"Write\":false}},{\"Name\":\"setting\",\"RusName\":\"\\u041d\\u0430\\u0441\\u0442\\u0440\\u043e\\u0439\\u043a\\u0438\",\"Permissions\":{\"Read\":false,\"Write\":false}},{\"Name\":\"dict\",\"RusName\":\"\\u0421\\u043b\\u043e\\u0432\\u0430\\u0440\\u0438\",\"Permissions\":{\"Read\":false,\"Write\":false}}],\"Directories\":[{\"Name\":\"Order\",\"RusName\":\"\\u0417\\u0430\\u043a\\u0430\\u0437\\u044b\",\"Permissions\":{\"Read\":false,\"Write\":false}},{\"Name\":\"Client\",\"RusName\":\"\\u041a\\u043b\\u0438\\u0435\\u043d\\u0442\\u044b\",\"Permissions\":{\"Read\":false,\"Write\":false}},{\"Name\":\"Delivery\",\"RusName\":\"\\u0422\\u0438\\u043f\\u044b \\u0414\\u043e\\u0441\\u0442\\u0430\\u0432\\u043a\\u0438\",\"Permissions\":{\"Read\":false,\"Write\":false}},{\"Name\":\"Payment\",\"RusName\":\"\\u0422\\u0438\\u043f\\u044b \\u041e\\u043f\\u043b\\u0430\\u0442\\u044b\",\"Permissions\":{\"Read\":false,\"Write\":false}},{\"Name\":\"OrderStatus\",\"RusName\":\"\\u0421\\u0442\\u0430\\u0442\\u0443\\u0441\\u044b \\u0437\\u0430\\u043a\\u0430\\u0437\\u0430\",\"Permissions\":{\"Read\":false,\"Write\":false}},{\"Name\":\"Car\",\"RusName\":\"\\u0410\\u0432\\u0442\\u043e\\u043c\\u043e\\u0431\\u0438\\u043b\\u0438\",\"Permissions\":{\"Read\":false,\"Write\":false}},{\"Name\":\"CarMark\",\"RusName\":\"\\u041c\\u0430\\u0440\\u043a\\u0438\",\"Permissions\":{\"Read\":false,\"Write\":false}},{\"Name\":\"CarModel\",\"RusName\":\"\\u041c\\u043e\\u0434\\u0435\\u043b\\u0438\",\"Permissions\":{\"Read\":false,\"Write\":false}},{\"Name\":\"CarCountry\",\"RusName\":\"\\u0421\\u0442\\u0440\\u0430\\u043d\\u044b\",\"Permissions\":{\"Read\":false,\"Write\":false}},{\"Name\":\"CarType\",\"RusName\":\"\\u0422\\u0438\\u043f\\u044b \\u043a\\u0443\\u0437\\u043e\\u0432\\u0430\",\"Permissions\":{\"Read\":false,\"Write\":false}},{\"Name\":\"CarColor\",\"RusName\":\"\\u0426\\u0432\\u0435\\u0442\\u0430\",\"Permissions\":{\"Read\":false,\"Write\":false}},{\"Name\":\"CarMarkModelCountry\",\"RusName\":\"\\u041c\\u0430\\u0440\\u043a\\u0430 - \\u041c\\u043e\\u0434\\u0435\\u043b\\u044c\",\"Permissions\":{\"Read\":false,\"Write\":false}},{\"Name\":\"User\",\"RusName\":\"\\u0421\\u043e\\u0442\\u0440\\u0443\\u0434\\u043d\\u0438\\u043a\\u0438\",\"Permissions\":{\"Read\":true,\"Write\":false}},{\"Name\":\"UserDepartment\",\"RusName\":\"\\u041e\\u0442\\u0434\\u0435\\u043b\\u044b\",\"Permissions\":{\"Read\":false,\"Write\":false}},{\"Name\":\"UserPosition\",\"RusName\":\"\\u0414\\u043e\\u043b\\u0436\\u043d\\u043e\\u0441\\u0442\\u0438\",\"Permissions\":{\"Read\":false,\"Write\":false}},{\"Name\":\"UserStatus\",\"RusName\":\"\\u0421\\u0442\\u0430\\u0442\\u0443\\u0441\\u044b\",\"Permissions\":{\"Read\":false,\"Write\":false}},{\"Name\":\"UserDepartmentPosition\",\"RusName\":\"\\u041e\\u0442\\u0434\\u0435\\u043b - \\u0414\\u043e\\u043b\\u0436\\u043d\\u043e\\u0441\\u0442\\u044c\",\"Permissions\":{\"Read\":false,\"Write\":false}}]}', NULL, 'h9McgFr6kj', '2025-06-05 07:03:44', '2025-06-05 07:03:44');
INSERT INTO `users` (`id`, `login`, `password`, `firstname`, `surname`, `patronymic`, `email`, `phone`, `birthday`, `department_id`, `position_id`, `start_work`, `status_id`, `status_at`, `permissions`, `deleted_at`, `remember_token`, `created_at`, `updated_at`) VALUES
(15, 'zryan', '$2y$12$bcqVo2HE7Gsi7222/5IKMOG08Zv.QTxcX9TGBoXiSZWu.WCIyYCwW', 'Никита', 'Лаврентьев', 'Владимирович', 'gordeeva.dara@example.org', '+79275189558', '1983-08-19', 2, 5, '2018-09-24', 4, '2010-08-13', '{\"Tabs\":[{\"Name\":\"user\",\"RusName\":\"\\u041f\\u043e\\u043b\\u044c\\u0437\\u043e\\u0432\\u0430\\u0442\\u0435\\u043b\\u044c\",\"Permissions\":{\"Read\":true,\"Write\":true}},{\"Name\":\"order\",\"RusName\":\"\\u0417\\u0430\\u043a\\u0430\\u0437\\u044b\",\"Permissions\":{\"Read\":false,\"Write\":false}},{\"Name\":\"report\",\"RusName\":\"\\u041e\\u0442\\u0447\\u0435\\u0442\\u044b\",\"Permissions\":{\"Read\":false,\"Write\":false}},{\"Name\":\"setting\",\"RusName\":\"\\u041d\\u0430\\u0441\\u0442\\u0440\\u043e\\u0439\\u043a\\u0438\",\"Permissions\":{\"Read\":false,\"Write\":false}},{\"Name\":\"dict\",\"RusName\":\"\\u0421\\u043b\\u043e\\u0432\\u0430\\u0440\\u0438\",\"Permissions\":{\"Read\":false,\"Write\":false}}],\"Directories\":[{\"Name\":\"Order\",\"RusName\":\"\\u0417\\u0430\\u043a\\u0430\\u0437\\u044b\",\"Permissions\":{\"Read\":false,\"Write\":false}},{\"Name\":\"Client\",\"RusName\":\"\\u041a\\u043b\\u0438\\u0435\\u043d\\u0442\\u044b\",\"Permissions\":{\"Read\":false,\"Write\":false}},{\"Name\":\"Delivery\",\"RusName\":\"\\u0422\\u0438\\u043f\\u044b \\u0414\\u043e\\u0441\\u0442\\u0430\\u0432\\u043a\\u0438\",\"Permissions\":{\"Read\":false,\"Write\":false}},{\"Name\":\"Payment\",\"RusName\":\"\\u0422\\u0438\\u043f\\u044b \\u041e\\u043f\\u043b\\u0430\\u0442\\u044b\",\"Permissions\":{\"Read\":false,\"Write\":false}},{\"Name\":\"OrderStatus\",\"RusName\":\"\\u0421\\u0442\\u0430\\u0442\\u0443\\u0441\\u044b \\u0437\\u0430\\u043a\\u0430\\u0437\\u0430\",\"Permissions\":{\"Read\":false,\"Write\":false}},{\"Name\":\"Car\",\"RusName\":\"\\u0410\\u0432\\u0442\\u043e\\u043c\\u043e\\u0431\\u0438\\u043b\\u0438\",\"Permissions\":{\"Read\":false,\"Write\":false}},{\"Name\":\"CarMark\",\"RusName\":\"\\u041c\\u0430\\u0440\\u043a\\u0438\",\"Permissions\":{\"Read\":false,\"Write\":false}},{\"Name\":\"CarModel\",\"RusName\":\"\\u041c\\u043e\\u0434\\u0435\\u043b\\u0438\",\"Permissions\":{\"Read\":false,\"Write\":false}},{\"Name\":\"CarCountry\",\"RusName\":\"\\u0421\\u0442\\u0440\\u0430\\u043d\\u044b\",\"Permissions\":{\"Read\":false,\"Write\":false}},{\"Name\":\"CarType\",\"RusName\":\"\\u0422\\u0438\\u043f\\u044b \\u043a\\u0443\\u0437\\u043e\\u0432\\u0430\",\"Permissions\":{\"Read\":false,\"Write\":false}},{\"Name\":\"CarColor\",\"RusName\":\"\\u0426\\u0432\\u0435\\u0442\\u0430\",\"Permissions\":{\"Read\":false,\"Write\":false}},{\"Name\":\"CarMarkModelCountry\",\"RusName\":\"\\u041c\\u0430\\u0440\\u043a\\u0430 - \\u041c\\u043e\\u0434\\u0435\\u043b\\u044c\",\"Permissions\":{\"Read\":false,\"Write\":false}},{\"Name\":\"User\",\"RusName\":\"\\u0421\\u043e\\u0442\\u0440\\u0443\\u0434\\u043d\\u0438\\u043a\\u0438\",\"Permissions\":{\"Read\":true,\"Write\":false}},{\"Name\":\"UserDepartment\",\"RusName\":\"\\u041e\\u0442\\u0434\\u0435\\u043b\\u044b\",\"Permissions\":{\"Read\":false,\"Write\":false}},{\"Name\":\"UserPosition\",\"RusName\":\"\\u0414\\u043e\\u043b\\u0436\\u043d\\u043e\\u0441\\u0442\\u0438\",\"Permissions\":{\"Read\":false,\"Write\":false}},{\"Name\":\"UserStatus\",\"RusName\":\"\\u0421\\u0442\\u0430\\u0442\\u0443\\u0441\\u044b\",\"Permissions\":{\"Read\":false,\"Write\":false}},{\"Name\":\"UserDepartmentPosition\",\"RusName\":\"\\u041e\\u0442\\u0434\\u0435\\u043b - \\u0414\\u043e\\u043b\\u0436\\u043d\\u043e\\u0441\\u0442\\u044c\",\"Permissions\":{\"Read\":false,\"Write\":false}}]}', NULL, '0ogYquirZ4', '2025-06-05 07:03:44', '2025-06-05 07:03:44'),
(16, 'borer.jamel', '$2y$12$bcqVo2HE7Gsi7222/5IKMOG08Zv.QTxcX9TGBoXiSZWu.WCIyYCwW', 'Ярослав', 'Калашникова', 'Владимирович', 'klim19@example.org', '+79270349462', '1992-10-22', 3, 6, '1982-04-15', 3, '2007-04-15', '{\"Tabs\":[{\"Name\":\"user\",\"RusName\":\"\\u041f\\u043e\\u043b\\u044c\\u0437\\u043e\\u0432\\u0430\\u0442\\u0435\\u043b\\u044c\",\"Permissions\":{\"Read\":true,\"Write\":true}},{\"Name\":\"order\",\"RusName\":\"\\u0417\\u0430\\u043a\\u0430\\u0437\\u044b\",\"Permissions\":{\"Read\":false,\"Write\":false}},{\"Name\":\"report\",\"RusName\":\"\\u041e\\u0442\\u0447\\u0435\\u0442\\u044b\",\"Permissions\":{\"Read\":false,\"Write\":false}},{\"Name\":\"setting\",\"RusName\":\"\\u041d\\u0430\\u0441\\u0442\\u0440\\u043e\\u0439\\u043a\\u0438\",\"Permissions\":{\"Read\":false,\"Write\":false}},{\"Name\":\"dict\",\"RusName\":\"\\u0421\\u043b\\u043e\\u0432\\u0430\\u0440\\u0438\",\"Permissions\":{\"Read\":false,\"Write\":false}}],\"Directories\":[{\"Name\":\"Order\",\"RusName\":\"\\u0417\\u0430\\u043a\\u0430\\u0437\\u044b\",\"Permissions\":{\"Read\":false,\"Write\":false}},{\"Name\":\"Client\",\"RusName\":\"\\u041a\\u043b\\u0438\\u0435\\u043d\\u0442\\u044b\",\"Permissions\":{\"Read\":false,\"Write\":false}},{\"Name\":\"Delivery\",\"RusName\":\"\\u0422\\u0438\\u043f\\u044b \\u0414\\u043e\\u0441\\u0442\\u0430\\u0432\\u043a\\u0438\",\"Permissions\":{\"Read\":false,\"Write\":false}},{\"Name\":\"Payment\",\"RusName\":\"\\u0422\\u0438\\u043f\\u044b \\u041e\\u043f\\u043b\\u0430\\u0442\\u044b\",\"Permissions\":{\"Read\":false,\"Write\":false}},{\"Name\":\"OrderStatus\",\"RusName\":\"\\u0421\\u0442\\u0430\\u0442\\u0443\\u0441\\u044b \\u0437\\u0430\\u043a\\u0430\\u0437\\u0430\",\"Permissions\":{\"Read\":false,\"Write\":false}},{\"Name\":\"Car\",\"RusName\":\"\\u0410\\u0432\\u0442\\u043e\\u043c\\u043e\\u0431\\u0438\\u043b\\u0438\",\"Permissions\":{\"Read\":false,\"Write\":false}},{\"Name\":\"CarMark\",\"RusName\":\"\\u041c\\u0430\\u0440\\u043a\\u0438\",\"Permissions\":{\"Read\":false,\"Write\":false}},{\"Name\":\"CarModel\",\"RusName\":\"\\u041c\\u043e\\u0434\\u0435\\u043b\\u0438\",\"Permissions\":{\"Read\":false,\"Write\":false}},{\"Name\":\"CarCountry\",\"RusName\":\"\\u0421\\u0442\\u0440\\u0430\\u043d\\u044b\",\"Permissions\":{\"Read\":false,\"Write\":false}},{\"Name\":\"CarType\",\"RusName\":\"\\u0422\\u0438\\u043f\\u044b \\u043a\\u0443\\u0437\\u043e\\u0432\\u0430\",\"Permissions\":{\"Read\":false,\"Write\":false}},{\"Name\":\"CarColor\",\"RusName\":\"\\u0426\\u0432\\u0435\\u0442\\u0430\",\"Permissions\":{\"Read\":false,\"Write\":false}},{\"Name\":\"CarMarkModelCountry\",\"RusName\":\"\\u041c\\u0430\\u0440\\u043a\\u0430 - \\u041c\\u043e\\u0434\\u0435\\u043b\\u044c\",\"Permissions\":{\"Read\":false,\"Write\":false}},{\"Name\":\"User\",\"RusName\":\"\\u0421\\u043e\\u0442\\u0440\\u0443\\u0434\\u043d\\u0438\\u043a\\u0438\",\"Permissions\":{\"Read\":true,\"Write\":false}},{\"Name\":\"UserDepartment\",\"RusName\":\"\\u041e\\u0442\\u0434\\u0435\\u043b\\u044b\",\"Permissions\":{\"Read\":false,\"Write\":false}},{\"Name\":\"UserPosition\",\"RusName\":\"\\u0414\\u043e\\u043b\\u0436\\u043d\\u043e\\u0441\\u0442\\u0438\",\"Permissions\":{\"Read\":false,\"Write\":false}},{\"Name\":\"UserStatus\",\"RusName\":\"\\u0421\\u0442\\u0430\\u0442\\u0443\\u0441\\u044b\",\"Permissions\":{\"Read\":false,\"Write\":false}},{\"Name\":\"UserDepartmentPosition\",\"RusName\":\"\\u041e\\u0442\\u0434\\u0435\\u043b - \\u0414\\u043e\\u043b\\u0436\\u043d\\u043e\\u0441\\u0442\\u044c\",\"Permissions\":{\"Read\":false,\"Write\":false}}]}', NULL, 'uUzBrPdEEi', '2025-06-05 07:03:44', '2025-06-05 07:03:44'),
(17, 'yemard', '$2y$12$bcqVo2HE7Gsi7222/5IKMOG08Zv.QTxcX9TGBoXiSZWu.WCIyYCwW', 'Василий', 'Савельев', 'Михайлович', 'qmasnikova@example.org', '+79456025255', '1987-11-25', 1, 1, '1991-04-26', 2, '1980-03-14', '{\"Tabs\":[{\"Name\":\"user\",\"RusName\":\"\\u041f\\u043e\\u043b\\u044c\\u0437\\u043e\\u0432\\u0430\\u0442\\u0435\\u043b\\u044c\",\"Permissions\":{\"Read\":true,\"Write\":true}},{\"Name\":\"order\",\"RusName\":\"\\u0417\\u0430\\u043a\\u0430\\u0437\\u044b\",\"Permissions\":{\"Read\":false,\"Write\":false}},{\"Name\":\"report\",\"RusName\":\"\\u041e\\u0442\\u0447\\u0435\\u0442\\u044b\",\"Permissions\":{\"Read\":false,\"Write\":false}},{\"Name\":\"setting\",\"RusName\":\"\\u041d\\u0430\\u0441\\u0442\\u0440\\u043e\\u0439\\u043a\\u0438\",\"Permissions\":{\"Read\":false,\"Write\":false}},{\"Name\":\"dict\",\"RusName\":\"\\u0421\\u043b\\u043e\\u0432\\u0430\\u0440\\u0438\",\"Permissions\":{\"Read\":false,\"Write\":false}}],\"Directories\":[{\"Name\":\"Order\",\"RusName\":\"\\u0417\\u0430\\u043a\\u0430\\u0437\\u044b\",\"Permissions\":{\"Read\":false,\"Write\":false}},{\"Name\":\"Client\",\"RusName\":\"\\u041a\\u043b\\u0438\\u0435\\u043d\\u0442\\u044b\",\"Permissions\":{\"Read\":false,\"Write\":false}},{\"Name\":\"Delivery\",\"RusName\":\"\\u0422\\u0438\\u043f\\u044b \\u0414\\u043e\\u0441\\u0442\\u0430\\u0432\\u043a\\u0438\",\"Permissions\":{\"Read\":false,\"Write\":false}},{\"Name\":\"Payment\",\"RusName\":\"\\u0422\\u0438\\u043f\\u044b \\u041e\\u043f\\u043b\\u0430\\u0442\\u044b\",\"Permissions\":{\"Read\":false,\"Write\":false}},{\"Name\":\"OrderStatus\",\"RusName\":\"\\u0421\\u0442\\u0430\\u0442\\u0443\\u0441\\u044b \\u0437\\u0430\\u043a\\u0430\\u0437\\u0430\",\"Permissions\":{\"Read\":false,\"Write\":false}},{\"Name\":\"Car\",\"RusName\":\"\\u0410\\u0432\\u0442\\u043e\\u043c\\u043e\\u0431\\u0438\\u043b\\u0438\",\"Permissions\":{\"Read\":false,\"Write\":false}},{\"Name\":\"CarMark\",\"RusName\":\"\\u041c\\u0430\\u0440\\u043a\\u0438\",\"Permissions\":{\"Read\":false,\"Write\":false}},{\"Name\":\"CarModel\",\"RusName\":\"\\u041c\\u043e\\u0434\\u0435\\u043b\\u0438\",\"Permissions\":{\"Read\":false,\"Write\":false}},{\"Name\":\"CarCountry\",\"RusName\":\"\\u0421\\u0442\\u0440\\u0430\\u043d\\u044b\",\"Permissions\":{\"Read\":false,\"Write\":false}},{\"Name\":\"CarType\",\"RusName\":\"\\u0422\\u0438\\u043f\\u044b \\u043a\\u0443\\u0437\\u043e\\u0432\\u0430\",\"Permissions\":{\"Read\":false,\"Write\":false}},{\"Name\":\"CarColor\",\"RusName\":\"\\u0426\\u0432\\u0435\\u0442\\u0430\",\"Permissions\":{\"Read\":false,\"Write\":false}},{\"Name\":\"CarMarkModelCountry\",\"RusName\":\"\\u041c\\u0430\\u0440\\u043a\\u0430 - \\u041c\\u043e\\u0434\\u0435\\u043b\\u044c\",\"Permissions\":{\"Read\":false,\"Write\":false}},{\"Name\":\"User\",\"RusName\":\"\\u0421\\u043e\\u0442\\u0440\\u0443\\u0434\\u043d\\u0438\\u043a\\u0438\",\"Permissions\":{\"Read\":true,\"Write\":false}},{\"Name\":\"UserDepartment\",\"RusName\":\"\\u041e\\u0442\\u0434\\u0435\\u043b\\u044b\",\"Permissions\":{\"Read\":false,\"Write\":false}},{\"Name\":\"UserPosition\",\"RusName\":\"\\u0414\\u043e\\u043b\\u0436\\u043d\\u043e\\u0441\\u0442\\u0438\",\"Permissions\":{\"Read\":false,\"Write\":false}},{\"Name\":\"UserStatus\",\"RusName\":\"\\u0421\\u0442\\u0430\\u0442\\u0443\\u0441\\u044b\",\"Permissions\":{\"Read\":false,\"Write\":false}},{\"Name\":\"UserDepartmentPosition\",\"RusName\":\"\\u041e\\u0442\\u0434\\u0435\\u043b - \\u0414\\u043e\\u043b\\u0436\\u043d\\u043e\\u0441\\u0442\\u044c\",\"Permissions\":{\"Read\":false,\"Write\":false}}]}', NULL, 'XgGt266cuE', '2025-06-05 07:03:45', '2025-06-05 07:03:45'),
(18, 'bailey.pablo', '$2y$12$bcqVo2HE7Gsi7222/5IKMOG08Zv.QTxcX9TGBoXiSZWu.WCIyYCwW', 'Арсений', 'Егорова', 'Владимирович', 'efremov.vitalij@example.net', '+79625828072', '1997-11-29', 3, 8, '2024-07-28', 1, '2020-05-03', '{\"Tabs\":[{\"Name\":\"user\",\"RusName\":\"\\u041f\\u043e\\u043b\\u044c\\u0437\\u043e\\u0432\\u0430\\u0442\\u0435\\u043b\\u044c\",\"Permissions\":{\"Read\":true,\"Write\":true}},{\"Name\":\"order\",\"RusName\":\"\\u0417\\u0430\\u043a\\u0430\\u0437\\u044b\",\"Permissions\":{\"Read\":false,\"Write\":false}},{\"Name\":\"report\",\"RusName\":\"\\u041e\\u0442\\u0447\\u0435\\u0442\\u044b\",\"Permissions\":{\"Read\":false,\"Write\":false}},{\"Name\":\"setting\",\"RusName\":\"\\u041d\\u0430\\u0441\\u0442\\u0440\\u043e\\u0439\\u043a\\u0438\",\"Permissions\":{\"Read\":false,\"Write\":false}},{\"Name\":\"dict\",\"RusName\":\"\\u0421\\u043b\\u043e\\u0432\\u0430\\u0440\\u0438\",\"Permissions\":{\"Read\":false,\"Write\":false}}],\"Directories\":[{\"Name\":\"Order\",\"RusName\":\"\\u0417\\u0430\\u043a\\u0430\\u0437\\u044b\",\"Permissions\":{\"Read\":false,\"Write\":false}},{\"Name\":\"Client\",\"RusName\":\"\\u041a\\u043b\\u0438\\u0435\\u043d\\u0442\\u044b\",\"Permissions\":{\"Read\":false,\"Write\":false}},{\"Name\":\"Delivery\",\"RusName\":\"\\u0422\\u0438\\u043f\\u044b \\u0414\\u043e\\u0441\\u0442\\u0430\\u0432\\u043a\\u0438\",\"Permissions\":{\"Read\":false,\"Write\":false}},{\"Name\":\"Payment\",\"RusName\":\"\\u0422\\u0438\\u043f\\u044b \\u041e\\u043f\\u043b\\u0430\\u0442\\u044b\",\"Permissions\":{\"Read\":false,\"Write\":false}},{\"Name\":\"OrderStatus\",\"RusName\":\"\\u0421\\u0442\\u0430\\u0442\\u0443\\u0441\\u044b \\u0437\\u0430\\u043a\\u0430\\u0437\\u0430\",\"Permissions\":{\"Read\":false,\"Write\":false}},{\"Name\":\"Car\",\"RusName\":\"\\u0410\\u0432\\u0442\\u043e\\u043c\\u043e\\u0431\\u0438\\u043b\\u0438\",\"Permissions\":{\"Read\":false,\"Write\":false}},{\"Name\":\"CarMark\",\"RusName\":\"\\u041c\\u0430\\u0440\\u043a\\u0438\",\"Permissions\":{\"Read\":false,\"Write\":false}},{\"Name\":\"CarModel\",\"RusName\":\"\\u041c\\u043e\\u0434\\u0435\\u043b\\u0438\",\"Permissions\":{\"Read\":false,\"Write\":false}},{\"Name\":\"CarCountry\",\"RusName\":\"\\u0421\\u0442\\u0440\\u0430\\u043d\\u044b\",\"Permissions\":{\"Read\":false,\"Write\":false}},{\"Name\":\"CarType\",\"RusName\":\"\\u0422\\u0438\\u043f\\u044b \\u043a\\u0443\\u0437\\u043e\\u0432\\u0430\",\"Permissions\":{\"Read\":false,\"Write\":false}},{\"Name\":\"CarColor\",\"RusName\":\"\\u0426\\u0432\\u0435\\u0442\\u0430\",\"Permissions\":{\"Read\":false,\"Write\":false}},{\"Name\":\"CarMarkModelCountry\",\"RusName\":\"\\u041c\\u0430\\u0440\\u043a\\u0430 - \\u041c\\u043e\\u0434\\u0435\\u043b\\u044c\",\"Permissions\":{\"Read\":false,\"Write\":false}},{\"Name\":\"User\",\"RusName\":\"\\u0421\\u043e\\u0442\\u0440\\u0443\\u0434\\u043d\\u0438\\u043a\\u0438\",\"Permissions\":{\"Read\":true,\"Write\":false}},{\"Name\":\"UserDepartment\",\"RusName\":\"\\u041e\\u0442\\u0434\\u0435\\u043b\\u044b\",\"Permissions\":{\"Read\":false,\"Write\":false}},{\"Name\":\"UserPosition\",\"RusName\":\"\\u0414\\u043e\\u043b\\u0436\\u043d\\u043e\\u0441\\u0442\\u0438\",\"Permissions\":{\"Read\":false,\"Write\":false}},{\"Name\":\"UserStatus\",\"RusName\":\"\\u0421\\u0442\\u0430\\u0442\\u0443\\u0441\\u044b\",\"Permissions\":{\"Read\":false,\"Write\":false}},{\"Name\":\"UserDepartmentPosition\",\"RusName\":\"\\u041e\\u0442\\u0434\\u0435\\u043b - \\u0414\\u043e\\u043b\\u0436\\u043d\\u043e\\u0441\\u0442\\u044c\",\"Permissions\":{\"Read\":false,\"Write\":false}}]}', NULL, '02OrKdMw2c', '2025-06-05 07:03:45', '2025-06-05 07:03:45'),
(19, 'kgibson', '$2y$12$bcqVo2HE7Gsi7222/5IKMOG08Zv.QTxcX9TGBoXiSZWu.WCIyYCwW', 'Адриан', 'Цветкова', 'Павлович', 'inessa.evdokimova@example.net', '+79035178173', '1976-10-01', 4, 13, '2014-06-19', 4, '1996-08-27', '{\"Tabs\":[{\"Name\":\"user\",\"RusName\":\"\\u041f\\u043e\\u043b\\u044c\\u0437\\u043e\\u0432\\u0430\\u0442\\u0435\\u043b\\u044c\",\"Permissions\":{\"Read\":true,\"Write\":true}},{\"Name\":\"order\",\"RusName\":\"\\u0417\\u0430\\u043a\\u0430\\u0437\\u044b\",\"Permissions\":{\"Read\":false,\"Write\":false}},{\"Name\":\"report\",\"RusName\":\"\\u041e\\u0442\\u0447\\u0435\\u0442\\u044b\",\"Permissions\":{\"Read\":false,\"Write\":false}},{\"Name\":\"setting\",\"RusName\":\"\\u041d\\u0430\\u0441\\u0442\\u0440\\u043e\\u0439\\u043a\\u0438\",\"Permissions\":{\"Read\":false,\"Write\":false}},{\"Name\":\"dict\",\"RusName\":\"\\u0421\\u043b\\u043e\\u0432\\u0430\\u0440\\u0438\",\"Permissions\":{\"Read\":false,\"Write\":false}}],\"Directories\":[{\"Name\":\"Order\",\"RusName\":\"\\u0417\\u0430\\u043a\\u0430\\u0437\\u044b\",\"Permissions\":{\"Read\":false,\"Write\":false}},{\"Name\":\"Client\",\"RusName\":\"\\u041a\\u043b\\u0438\\u0435\\u043d\\u0442\\u044b\",\"Permissions\":{\"Read\":false,\"Write\":false}},{\"Name\":\"Delivery\",\"RusName\":\"\\u0422\\u0438\\u043f\\u044b \\u0414\\u043e\\u0441\\u0442\\u0430\\u0432\\u043a\\u0438\",\"Permissions\":{\"Read\":false,\"Write\":false}},{\"Name\":\"Payment\",\"RusName\":\"\\u0422\\u0438\\u043f\\u044b \\u041e\\u043f\\u043b\\u0430\\u0442\\u044b\",\"Permissions\":{\"Read\":false,\"Write\":false}},{\"Name\":\"OrderStatus\",\"RusName\":\"\\u0421\\u0442\\u0430\\u0442\\u0443\\u0441\\u044b \\u0437\\u0430\\u043a\\u0430\\u0437\\u0430\",\"Permissions\":{\"Read\":false,\"Write\":false}},{\"Name\":\"Car\",\"RusName\":\"\\u0410\\u0432\\u0442\\u043e\\u043c\\u043e\\u0431\\u0438\\u043b\\u0438\",\"Permissions\":{\"Read\":false,\"Write\":false}},{\"Name\":\"CarMark\",\"RusName\":\"\\u041c\\u0430\\u0440\\u043a\\u0438\",\"Permissions\":{\"Read\":false,\"Write\":false}},{\"Name\":\"CarModel\",\"RusName\":\"\\u041c\\u043e\\u0434\\u0435\\u043b\\u0438\",\"Permissions\":{\"Read\":false,\"Write\":false}},{\"Name\":\"CarCountry\",\"RusName\":\"\\u0421\\u0442\\u0440\\u0430\\u043d\\u044b\",\"Permissions\":{\"Read\":false,\"Write\":false}},{\"Name\":\"CarType\",\"RusName\":\"\\u0422\\u0438\\u043f\\u044b \\u043a\\u0443\\u0437\\u043e\\u0432\\u0430\",\"Permissions\":{\"Read\":false,\"Write\":false}},{\"Name\":\"CarColor\",\"RusName\":\"\\u0426\\u0432\\u0435\\u0442\\u0430\",\"Permissions\":{\"Read\":false,\"Write\":false}},{\"Name\":\"CarMarkModelCountry\",\"RusName\":\"\\u041c\\u0430\\u0440\\u043a\\u0430 - \\u041c\\u043e\\u0434\\u0435\\u043b\\u044c\",\"Permissions\":{\"Read\":false,\"Write\":false}},{\"Name\":\"User\",\"RusName\":\"\\u0421\\u043e\\u0442\\u0440\\u0443\\u0434\\u043d\\u0438\\u043a\\u0438\",\"Permissions\":{\"Read\":true,\"Write\":false}},{\"Name\":\"UserDepartment\",\"RusName\":\"\\u041e\\u0442\\u0434\\u0435\\u043b\\u044b\",\"Permissions\":{\"Read\":false,\"Write\":false}},{\"Name\":\"UserPosition\",\"RusName\":\"\\u0414\\u043e\\u043b\\u0436\\u043d\\u043e\\u0441\\u0442\\u0438\",\"Permissions\":{\"Read\":false,\"Write\":false}},{\"Name\":\"UserStatus\",\"RusName\":\"\\u0421\\u0442\\u0430\\u0442\\u0443\\u0441\\u044b\",\"Permissions\":{\"Read\":false,\"Write\":false}},{\"Name\":\"UserDepartmentPosition\",\"RusName\":\"\\u041e\\u0442\\u0434\\u0435\\u043b - \\u0414\\u043e\\u043b\\u0436\\u043d\\u043e\\u0441\\u0442\\u044c\",\"Permissions\":{\"Read\":false,\"Write\":false}}]}', NULL, 'uod4ypvejO', '2025-06-05 07:03:45', '2025-06-05 07:03:45'),
(20, 'qmertz', '$2y$12$bcqVo2HE7Gsi7222/5IKMOG08Zv.QTxcX9TGBoXiSZWu.WCIyYCwW', 'Святослав', 'Фомин', 'Александрович', 'orogova@example.com', '+79238321433', '1992-07-07', 5, 10, '1992-04-18', 1, '1984-04-21', '{\"Tabs\":[{\"Name\":\"user\",\"RusName\":\"\\u041f\\u043e\\u043b\\u044c\\u0437\\u043e\\u0432\\u0430\\u0442\\u0435\\u043b\\u044c\",\"Permissions\":{\"Read\":true,\"Write\":true}},{\"Name\":\"order\",\"RusName\":\"\\u0417\\u0430\\u043a\\u0430\\u0437\\u044b\",\"Permissions\":{\"Read\":false,\"Write\":false}},{\"Name\":\"report\",\"RusName\":\"\\u041e\\u0442\\u0447\\u0435\\u0442\\u044b\",\"Permissions\":{\"Read\":false,\"Write\":false}},{\"Name\":\"setting\",\"RusName\":\"\\u041d\\u0430\\u0441\\u0442\\u0440\\u043e\\u0439\\u043a\\u0438\",\"Permissions\":{\"Read\":false,\"Write\":false}},{\"Name\":\"dict\",\"RusName\":\"\\u0421\\u043b\\u043e\\u0432\\u0430\\u0440\\u0438\",\"Permissions\":{\"Read\":false,\"Write\":false}}],\"Directories\":[{\"Name\":\"Order\",\"RusName\":\"\\u0417\\u0430\\u043a\\u0430\\u0437\\u044b\",\"Permissions\":{\"Read\":false,\"Write\":false}},{\"Name\":\"Client\",\"RusName\":\"\\u041a\\u043b\\u0438\\u0435\\u043d\\u0442\\u044b\",\"Permissions\":{\"Read\":false,\"Write\":false}},{\"Name\":\"Delivery\",\"RusName\":\"\\u0422\\u0438\\u043f\\u044b \\u0414\\u043e\\u0441\\u0442\\u0430\\u0432\\u043a\\u0438\",\"Permissions\":{\"Read\":false,\"Write\":false}},{\"Name\":\"Payment\",\"RusName\":\"\\u0422\\u0438\\u043f\\u044b \\u041e\\u043f\\u043b\\u0430\\u0442\\u044b\",\"Permissions\":{\"Read\":false,\"Write\":false}},{\"Name\":\"OrderStatus\",\"RusName\":\"\\u0421\\u0442\\u0430\\u0442\\u0443\\u0441\\u044b \\u0437\\u0430\\u043a\\u0430\\u0437\\u0430\",\"Permissions\":{\"Read\":false,\"Write\":false}},{\"Name\":\"Car\",\"RusName\":\"\\u0410\\u0432\\u0442\\u043e\\u043c\\u043e\\u0431\\u0438\\u043b\\u0438\",\"Permissions\":{\"Read\":false,\"Write\":false}},{\"Name\":\"CarMark\",\"RusName\":\"\\u041c\\u0430\\u0440\\u043a\\u0438\",\"Permissions\":{\"Read\":false,\"Write\":false}},{\"Name\":\"CarModel\",\"RusName\":\"\\u041c\\u043e\\u0434\\u0435\\u043b\\u0438\",\"Permissions\":{\"Read\":false,\"Write\":false}},{\"Name\":\"CarCountry\",\"RusName\":\"\\u0421\\u0442\\u0440\\u0430\\u043d\\u044b\",\"Permissions\":{\"Read\":false,\"Write\":false}},{\"Name\":\"CarType\",\"RusName\":\"\\u0422\\u0438\\u043f\\u044b \\u043a\\u0443\\u0437\\u043e\\u0432\\u0430\",\"Permissions\":{\"Read\":false,\"Write\":false}},{\"Name\":\"CarColor\",\"RusName\":\"\\u0426\\u0432\\u0435\\u0442\\u0430\",\"Permissions\":{\"Read\":false,\"Write\":false}},{\"Name\":\"CarMarkModelCountry\",\"RusName\":\"\\u041c\\u0430\\u0440\\u043a\\u0430 - \\u041c\\u043e\\u0434\\u0435\\u043b\\u044c\",\"Permissions\":{\"Read\":false,\"Write\":false}},{\"Name\":\"User\",\"RusName\":\"\\u0421\\u043e\\u0442\\u0440\\u0443\\u0434\\u043d\\u0438\\u043a\\u0438\",\"Permissions\":{\"Read\":true,\"Write\":false}},{\"Name\":\"UserDepartment\",\"RusName\":\"\\u041e\\u0442\\u0434\\u0435\\u043b\\u044b\",\"Permissions\":{\"Read\":false,\"Write\":false}},{\"Name\":\"UserPosition\",\"RusName\":\"\\u0414\\u043e\\u043b\\u0436\\u043d\\u043e\\u0441\\u0442\\u0438\",\"Permissions\":{\"Read\":false,\"Write\":false}},{\"Name\":\"UserStatus\",\"RusName\":\"\\u0421\\u0442\\u0430\\u0442\\u0443\\u0441\\u044b\",\"Permissions\":{\"Read\":false,\"Write\":false}},{\"Name\":\"UserDepartmentPosition\",\"RusName\":\"\\u041e\\u0442\\u0434\\u0435\\u043b - \\u0414\\u043e\\u043b\\u0436\\u043d\\u043e\\u0441\\u0442\\u044c\",\"Permissions\":{\"Read\":false,\"Write\":false}}]}', NULL, 'iqyZG8Nh6Q', '2025-06-05 07:03:45', '2025-06-05 07:03:45'),
(21, 'norwood73', '$2y$12$bcqVo2HE7Gsi7222/5IKMOG08Zv.QTxcX9TGBoXiSZWu.WCIyYCwW', 'Ян', 'Исаков', 'Михайлович', 'lubov27@example.net', '+79703213905', '1978-03-26', 3, 8, '2010-09-28', 2, '2002-09-30', '{\"Tabs\":[{\"Name\":\"user\",\"RusName\":\"\\u041f\\u043e\\u043b\\u044c\\u0437\\u043e\\u0432\\u0430\\u0442\\u0435\\u043b\\u044c\",\"Permissions\":{\"Read\":true,\"Write\":true}},{\"Name\":\"order\",\"RusName\":\"\\u0417\\u0430\\u043a\\u0430\\u0437\\u044b\",\"Permissions\":{\"Read\":false,\"Write\":false}},{\"Name\":\"report\",\"RusName\":\"\\u041e\\u0442\\u0447\\u0435\\u0442\\u044b\",\"Permissions\":{\"Read\":false,\"Write\":false}},{\"Name\":\"setting\",\"RusName\":\"\\u041d\\u0430\\u0441\\u0442\\u0440\\u043e\\u0439\\u043a\\u0438\",\"Permissions\":{\"Read\":false,\"Write\":false}},{\"Name\":\"dict\",\"RusName\":\"\\u0421\\u043b\\u043e\\u0432\\u0430\\u0440\\u0438\",\"Permissions\":{\"Read\":false,\"Write\":false}}],\"Directories\":[{\"Name\":\"Order\",\"RusName\":\"\\u0417\\u0430\\u043a\\u0430\\u0437\\u044b\",\"Permissions\":{\"Read\":false,\"Write\":false}},{\"Name\":\"Client\",\"RusName\":\"\\u041a\\u043b\\u0438\\u0435\\u043d\\u0442\\u044b\",\"Permissions\":{\"Read\":false,\"Write\":false}},{\"Name\":\"Delivery\",\"RusName\":\"\\u0422\\u0438\\u043f\\u044b \\u0414\\u043e\\u0441\\u0442\\u0430\\u0432\\u043a\\u0438\",\"Permissions\":{\"Read\":false,\"Write\":false}},{\"Name\":\"Payment\",\"RusName\":\"\\u0422\\u0438\\u043f\\u044b \\u041e\\u043f\\u043b\\u0430\\u0442\\u044b\",\"Permissions\":{\"Read\":false,\"Write\":false}},{\"Name\":\"OrderStatus\",\"RusName\":\"\\u0421\\u0442\\u0430\\u0442\\u0443\\u0441\\u044b \\u0437\\u0430\\u043a\\u0430\\u0437\\u0430\",\"Permissions\":{\"Read\":false,\"Write\":false}},{\"Name\":\"Car\",\"RusName\":\"\\u0410\\u0432\\u0442\\u043e\\u043c\\u043e\\u0431\\u0438\\u043b\\u0438\",\"Permissions\":{\"Read\":false,\"Write\":false}},{\"Name\":\"CarMark\",\"RusName\":\"\\u041c\\u0430\\u0440\\u043a\\u0438\",\"Permissions\":{\"Read\":false,\"Write\":false}},{\"Name\":\"CarModel\",\"RusName\":\"\\u041c\\u043e\\u0434\\u0435\\u043b\\u0438\",\"Permissions\":{\"Read\":false,\"Write\":false}},{\"Name\":\"CarCountry\",\"RusName\":\"\\u0421\\u0442\\u0440\\u0430\\u043d\\u044b\",\"Permissions\":{\"Read\":false,\"Write\":false}},{\"Name\":\"CarType\",\"RusName\":\"\\u0422\\u0438\\u043f\\u044b \\u043a\\u0443\\u0437\\u043e\\u0432\\u0430\",\"Permissions\":{\"Read\":false,\"Write\":false}},{\"Name\":\"CarColor\",\"RusName\":\"\\u0426\\u0432\\u0435\\u0442\\u0430\",\"Permissions\":{\"Read\":false,\"Write\":false}},{\"Name\":\"CarMarkModelCountry\",\"RusName\":\"\\u041c\\u0430\\u0440\\u043a\\u0430 - \\u041c\\u043e\\u0434\\u0435\\u043b\\u044c\",\"Permissions\":{\"Read\":false,\"Write\":false}},{\"Name\":\"User\",\"RusName\":\"\\u0421\\u043e\\u0442\\u0440\\u0443\\u0434\\u043d\\u0438\\u043a\\u0438\",\"Permissions\":{\"Read\":true,\"Write\":false}},{\"Name\":\"UserDepartment\",\"RusName\":\"\\u041e\\u0442\\u0434\\u0435\\u043b\\u044b\",\"Permissions\":{\"Read\":false,\"Write\":false}},{\"Name\":\"UserPosition\",\"RusName\":\"\\u0414\\u043e\\u043b\\u0436\\u043d\\u043e\\u0441\\u0442\\u0438\",\"Permissions\":{\"Read\":false,\"Write\":false}},{\"Name\":\"UserStatus\",\"RusName\":\"\\u0421\\u0442\\u0430\\u0442\\u0443\\u0441\\u044b\",\"Permissions\":{\"Read\":false,\"Write\":false}},{\"Name\":\"UserDepartmentPosition\",\"RusName\":\"\\u041e\\u0442\\u0434\\u0435\\u043b - \\u0414\\u043e\\u043b\\u0436\\u043d\\u043e\\u0441\\u0442\\u044c\",\"Permissions\":{\"Read\":false,\"Write\":false}}]}', NULL, 'qZpzkKWwgD', '2025-06-05 07:03:45', '2025-06-05 07:03:45'),
(22, 'ali.okeefe', '$2y$12$bcqVo2HE7Gsi7222/5IKMOG08Zv.QTxcX9TGBoXiSZWu.WCIyYCwW', 'Арсений', 'Корнилов', 'Викторович', 'marina53@example.org', '+79573733495', '1971-08-02', 5, 6, '1998-01-09', 1, '1976-06-23', '{\"Tabs\":[{\"Name\":\"user\",\"RusName\":\"\\u041f\\u043e\\u043b\\u044c\\u0437\\u043e\\u0432\\u0430\\u0442\\u0435\\u043b\\u044c\",\"Permissions\":{\"Read\":true,\"Write\":true}},{\"Name\":\"order\",\"RusName\":\"\\u0417\\u0430\\u043a\\u0430\\u0437\\u044b\",\"Permissions\":{\"Read\":false,\"Write\":false}},{\"Name\":\"report\",\"RusName\":\"\\u041e\\u0442\\u0447\\u0435\\u0442\\u044b\",\"Permissions\":{\"Read\":false,\"Write\":false}},{\"Name\":\"setting\",\"RusName\":\"\\u041d\\u0430\\u0441\\u0442\\u0440\\u043e\\u0439\\u043a\\u0438\",\"Permissions\":{\"Read\":false,\"Write\":false}},{\"Name\":\"dict\",\"RusName\":\"\\u0421\\u043b\\u043e\\u0432\\u0430\\u0440\\u0438\",\"Permissions\":{\"Read\":false,\"Write\":false}}],\"Directories\":[{\"Name\":\"Order\",\"RusName\":\"\\u0417\\u0430\\u043a\\u0430\\u0437\\u044b\",\"Permissions\":{\"Read\":false,\"Write\":false}},{\"Name\":\"Client\",\"RusName\":\"\\u041a\\u043b\\u0438\\u0435\\u043d\\u0442\\u044b\",\"Permissions\":{\"Read\":false,\"Write\":false}},{\"Name\":\"Delivery\",\"RusName\":\"\\u0422\\u0438\\u043f\\u044b \\u0414\\u043e\\u0441\\u0442\\u0430\\u0432\\u043a\\u0438\",\"Permissions\":{\"Read\":false,\"Write\":false}},{\"Name\":\"Payment\",\"RusName\":\"\\u0422\\u0438\\u043f\\u044b \\u041e\\u043f\\u043b\\u0430\\u0442\\u044b\",\"Permissions\":{\"Read\":false,\"Write\":false}},{\"Name\":\"OrderStatus\",\"RusName\":\"\\u0421\\u0442\\u0430\\u0442\\u0443\\u0441\\u044b \\u0437\\u0430\\u043a\\u0430\\u0437\\u0430\",\"Permissions\":{\"Read\":false,\"Write\":false}},{\"Name\":\"Car\",\"RusName\":\"\\u0410\\u0432\\u0442\\u043e\\u043c\\u043e\\u0431\\u0438\\u043b\\u0438\",\"Permissions\":{\"Read\":false,\"Write\":false}},{\"Name\":\"CarMark\",\"RusName\":\"\\u041c\\u0430\\u0440\\u043a\\u0438\",\"Permissions\":{\"Read\":false,\"Write\":false}},{\"Name\":\"CarModel\",\"RusName\":\"\\u041c\\u043e\\u0434\\u0435\\u043b\\u0438\",\"Permissions\":{\"Read\":false,\"Write\":false}},{\"Name\":\"CarCountry\",\"RusName\":\"\\u0421\\u0442\\u0440\\u0430\\u043d\\u044b\",\"Permissions\":{\"Read\":false,\"Write\":false}},{\"Name\":\"CarType\",\"RusName\":\"\\u0422\\u0438\\u043f\\u044b \\u043a\\u0443\\u0437\\u043e\\u0432\\u0430\",\"Permissions\":{\"Read\":false,\"Write\":false}},{\"Name\":\"CarColor\",\"RusName\":\"\\u0426\\u0432\\u0435\\u0442\\u0430\",\"Permissions\":{\"Read\":false,\"Write\":false}},{\"Name\":\"CarMarkModelCountry\",\"RusName\":\"\\u041c\\u0430\\u0440\\u043a\\u0430 - \\u041c\\u043e\\u0434\\u0435\\u043b\\u044c\",\"Permissions\":{\"Read\":false,\"Write\":false}},{\"Name\":\"User\",\"RusName\":\"\\u0421\\u043e\\u0442\\u0440\\u0443\\u0434\\u043d\\u0438\\u043a\\u0438\",\"Permissions\":{\"Read\":true,\"Write\":false}},{\"Name\":\"UserDepartment\",\"RusName\":\"\\u041e\\u0442\\u0434\\u0435\\u043b\\u044b\",\"Permissions\":{\"Read\":false,\"Write\":false}},{\"Name\":\"UserPosition\",\"RusName\":\"\\u0414\\u043e\\u043b\\u0436\\u043d\\u043e\\u0441\\u0442\\u0438\",\"Permissions\":{\"Read\":false,\"Write\":false}},{\"Name\":\"UserStatus\",\"RusName\":\"\\u0421\\u0442\\u0430\\u0442\\u0443\\u0441\\u044b\",\"Permissions\":{\"Read\":false,\"Write\":false}},{\"Name\":\"UserDepartmentPosition\",\"RusName\":\"\\u041e\\u0442\\u0434\\u0435\\u043b - \\u0414\\u043e\\u043b\\u0436\\u043d\\u043e\\u0441\\u0442\\u044c\",\"Permissions\":{\"Read\":false,\"Write\":false}}]}', NULL, 'WtTJZaRZ7K', '2025-06-05 07:03:45', '2025-06-05 07:03:45'),
(23, 'clemmie.torp', '$2y$12$bcqVo2HE7Gsi7222/5IKMOG08Zv.QTxcX9TGBoXiSZWu.WCIyYCwW', 'Григорий', 'Тетерина', 'Владимирович', 'fvolkova@example.org', '+79114745469', '1974-09-14', 2, 4, '1994-12-04', 1, '2007-08-25', '{\"Tabs\":[{\"Name\":\"user\",\"RusName\":\"\\u041f\\u043e\\u043b\\u044c\\u0437\\u043e\\u0432\\u0430\\u0442\\u0435\\u043b\\u044c\",\"Permissions\":{\"Read\":true,\"Write\":true}},{\"Name\":\"order\",\"RusName\":\"\\u0417\\u0430\\u043a\\u0430\\u0437\\u044b\",\"Permissions\":{\"Read\":false,\"Write\":false}},{\"Name\":\"report\",\"RusName\":\"\\u041e\\u0442\\u0447\\u0435\\u0442\\u044b\",\"Permissions\":{\"Read\":false,\"Write\":false}},{\"Name\":\"setting\",\"RusName\":\"\\u041d\\u0430\\u0441\\u0442\\u0440\\u043e\\u0439\\u043a\\u0438\",\"Permissions\":{\"Read\":false,\"Write\":false}},{\"Name\":\"dict\",\"RusName\":\"\\u0421\\u043b\\u043e\\u0432\\u0430\\u0440\\u0438\",\"Permissions\":{\"Read\":false,\"Write\":false}}],\"Directories\":[{\"Name\":\"Order\",\"RusName\":\"\\u0417\\u0430\\u043a\\u0430\\u0437\\u044b\",\"Permissions\":{\"Read\":false,\"Write\":false}},{\"Name\":\"Client\",\"RusName\":\"\\u041a\\u043b\\u0438\\u0435\\u043d\\u0442\\u044b\",\"Permissions\":{\"Read\":false,\"Write\":false}},{\"Name\":\"Delivery\",\"RusName\":\"\\u0422\\u0438\\u043f\\u044b \\u0414\\u043e\\u0441\\u0442\\u0430\\u0432\\u043a\\u0438\",\"Permissions\":{\"Read\":false,\"Write\":false}},{\"Name\":\"Payment\",\"RusName\":\"\\u0422\\u0438\\u043f\\u044b \\u041e\\u043f\\u043b\\u0430\\u0442\\u044b\",\"Permissions\":{\"Read\":false,\"Write\":false}},{\"Name\":\"OrderStatus\",\"RusName\":\"\\u0421\\u0442\\u0430\\u0442\\u0443\\u0441\\u044b \\u0437\\u0430\\u043a\\u0430\\u0437\\u0430\",\"Permissions\":{\"Read\":false,\"Write\":false}},{\"Name\":\"Car\",\"RusName\":\"\\u0410\\u0432\\u0442\\u043e\\u043c\\u043e\\u0431\\u0438\\u043b\\u0438\",\"Permissions\":{\"Read\":false,\"Write\":false}},{\"Name\":\"CarMark\",\"RusName\":\"\\u041c\\u0430\\u0440\\u043a\\u0438\",\"Permissions\":{\"Read\":false,\"Write\":false}},{\"Name\":\"CarModel\",\"RusName\":\"\\u041c\\u043e\\u0434\\u0435\\u043b\\u0438\",\"Permissions\":{\"Read\":false,\"Write\":false}},{\"Name\":\"CarCountry\",\"RusName\":\"\\u0421\\u0442\\u0440\\u0430\\u043d\\u044b\",\"Permissions\":{\"Read\":false,\"Write\":false}},{\"Name\":\"CarType\",\"RusName\":\"\\u0422\\u0438\\u043f\\u044b \\u043a\\u0443\\u0437\\u043e\\u0432\\u0430\",\"Permissions\":{\"Read\":false,\"Write\":false}},{\"Name\":\"CarColor\",\"RusName\":\"\\u0426\\u0432\\u0435\\u0442\\u0430\",\"Permissions\":{\"Read\":false,\"Write\":false}},{\"Name\":\"CarMarkModelCountry\",\"RusName\":\"\\u041c\\u0430\\u0440\\u043a\\u0430 - \\u041c\\u043e\\u0434\\u0435\\u043b\\u044c\",\"Permissions\":{\"Read\":false,\"Write\":false}},{\"Name\":\"User\",\"RusName\":\"\\u0421\\u043e\\u0442\\u0440\\u0443\\u0434\\u043d\\u0438\\u043a\\u0438\",\"Permissions\":{\"Read\":true,\"Write\":false}},{\"Name\":\"UserDepartment\",\"RusName\":\"\\u041e\\u0442\\u0434\\u0435\\u043b\\u044b\",\"Permissions\":{\"Read\":false,\"Write\":false}},{\"Name\":\"UserPosition\",\"RusName\":\"\\u0414\\u043e\\u043b\\u0436\\u043d\\u043e\\u0441\\u0442\\u0438\",\"Permissions\":{\"Read\":false,\"Write\":false}},{\"Name\":\"UserStatus\",\"RusName\":\"\\u0421\\u0442\\u0430\\u0442\\u0443\\u0441\\u044b\",\"Permissions\":{\"Read\":false,\"Write\":false}},{\"Name\":\"UserDepartmentPosition\",\"RusName\":\"\\u041e\\u0442\\u0434\\u0435\\u043b - \\u0414\\u043e\\u043b\\u0436\\u043d\\u043e\\u0441\\u0442\\u044c\",\"Permissions\":{\"Read\":false,\"Write\":false}}]}', NULL, 'z6DbKd6qPQ', '2025-06-05 07:03:45', '2025-06-05 07:03:45'),
(24, 'hessel.elouise', '$2y$12$bcqVo2HE7Gsi7222/5IKMOG08Zv.QTxcX9TGBoXiSZWu.WCIyYCwW', 'Марат', 'Ершов', 'Викторович', 'klara.molcanov@example.com', '+79889539128', '1982-04-09', 4, 13, '1996-12-06', 1, '2004-01-16', '{\"Tabs\":[{\"Name\":\"user\",\"RusName\":\"\\u041f\\u043e\\u043b\\u044c\\u0437\\u043e\\u0432\\u0430\\u0442\\u0435\\u043b\\u044c\",\"Permissions\":{\"Read\":true,\"Write\":true}},{\"Name\":\"order\",\"RusName\":\"\\u0417\\u0430\\u043a\\u0430\\u0437\\u044b\",\"Permissions\":{\"Read\":false,\"Write\":false}},{\"Name\":\"report\",\"RusName\":\"\\u041e\\u0442\\u0447\\u0435\\u0442\\u044b\",\"Permissions\":{\"Read\":false,\"Write\":false}},{\"Name\":\"setting\",\"RusName\":\"\\u041d\\u0430\\u0441\\u0442\\u0440\\u043e\\u0439\\u043a\\u0438\",\"Permissions\":{\"Read\":false,\"Write\":false}},{\"Name\":\"dict\",\"RusName\":\"\\u0421\\u043b\\u043e\\u0432\\u0430\\u0440\\u0438\",\"Permissions\":{\"Read\":false,\"Write\":false}}],\"Directories\":[{\"Name\":\"Order\",\"RusName\":\"\\u0417\\u0430\\u043a\\u0430\\u0437\\u044b\",\"Permissions\":{\"Read\":false,\"Write\":false}},{\"Name\":\"Client\",\"RusName\":\"\\u041a\\u043b\\u0438\\u0435\\u043d\\u0442\\u044b\",\"Permissions\":{\"Read\":false,\"Write\":false}},{\"Name\":\"Delivery\",\"RusName\":\"\\u0422\\u0438\\u043f\\u044b \\u0414\\u043e\\u0441\\u0442\\u0430\\u0432\\u043a\\u0438\",\"Permissions\":{\"Read\":false,\"Write\":false}},{\"Name\":\"Payment\",\"RusName\":\"\\u0422\\u0438\\u043f\\u044b \\u041e\\u043f\\u043b\\u0430\\u0442\\u044b\",\"Permissions\":{\"Read\":false,\"Write\":false}},{\"Name\":\"OrderStatus\",\"RusName\":\"\\u0421\\u0442\\u0430\\u0442\\u0443\\u0441\\u044b \\u0437\\u0430\\u043a\\u0430\\u0437\\u0430\",\"Permissions\":{\"Read\":false,\"Write\":false}},{\"Name\":\"Car\",\"RusName\":\"\\u0410\\u0432\\u0442\\u043e\\u043c\\u043e\\u0431\\u0438\\u043b\\u0438\",\"Permissions\":{\"Read\":false,\"Write\":false}},{\"Name\":\"CarMark\",\"RusName\":\"\\u041c\\u0430\\u0440\\u043a\\u0438\",\"Permissions\":{\"Read\":false,\"Write\":false}},{\"Name\":\"CarModel\",\"RusName\":\"\\u041c\\u043e\\u0434\\u0435\\u043b\\u0438\",\"Permissions\":{\"Read\":false,\"Write\":false}},{\"Name\":\"CarCountry\",\"RusName\":\"\\u0421\\u0442\\u0440\\u0430\\u043d\\u044b\",\"Permissions\":{\"Read\":false,\"Write\":false}},{\"Name\":\"CarType\",\"RusName\":\"\\u0422\\u0438\\u043f\\u044b \\u043a\\u0443\\u0437\\u043e\\u0432\\u0430\",\"Permissions\":{\"Read\":false,\"Write\":false}},{\"Name\":\"CarColor\",\"RusName\":\"\\u0426\\u0432\\u0435\\u0442\\u0430\",\"Permissions\":{\"Read\":false,\"Write\":false}},{\"Name\":\"CarMarkModelCountry\",\"RusName\":\"\\u041c\\u0430\\u0440\\u043a\\u0430 - \\u041c\\u043e\\u0434\\u0435\\u043b\\u044c\",\"Permissions\":{\"Read\":false,\"Write\":false}},{\"Name\":\"User\",\"RusName\":\"\\u0421\\u043e\\u0442\\u0440\\u0443\\u0434\\u043d\\u0438\\u043a\\u0438\",\"Permissions\":{\"Read\":true,\"Write\":false}},{\"Name\":\"UserDepartment\",\"RusName\":\"\\u041e\\u0442\\u0434\\u0435\\u043b\\u044b\",\"Permissions\":{\"Read\":false,\"Write\":false}},{\"Name\":\"UserPosition\",\"RusName\":\"\\u0414\\u043e\\u043b\\u0436\\u043d\\u043e\\u0441\\u0442\\u0438\",\"Permissions\":{\"Read\":false,\"Write\":false}},{\"Name\":\"UserStatus\",\"RusName\":\"\\u0421\\u0442\\u0430\\u0442\\u0443\\u0441\\u044b\",\"Permissions\":{\"Read\":false,\"Write\":false}},{\"Name\":\"UserDepartmentPosition\",\"RusName\":\"\\u041e\\u0442\\u0434\\u0435\\u043b - \\u0414\\u043e\\u043b\\u0436\\u043d\\u043e\\u0441\\u0442\\u044c\",\"Permissions\":{\"Read\":false,\"Write\":false}}]}', NULL, 'yVKQh1UjfL', '2025-06-05 07:03:45', '2025-06-05 07:03:45'),
(25, 'udoyle', '$2y$12$bcqVo2HE7Gsi7222/5IKMOG08Zv.QTxcX9TGBoXiSZWu.WCIyYCwW', 'Максим', 'Медведев', 'Николаевич', 'ksamsonova@example.net', '+79927746891', '1976-07-25', 4, 6, '1981-02-27', 1, '1989-12-30', '{\"Tabs\":[{\"Name\":\"user\",\"RusName\":\"\\u041f\\u043e\\u043b\\u044c\\u0437\\u043e\\u0432\\u0430\\u0442\\u0435\\u043b\\u044c\",\"Permissions\":{\"Read\":true,\"Write\":true}},{\"Name\":\"order\",\"RusName\":\"\\u0417\\u0430\\u043a\\u0430\\u0437\\u044b\",\"Permissions\":{\"Read\":false,\"Write\":false}},{\"Name\":\"report\",\"RusName\":\"\\u041e\\u0442\\u0447\\u0435\\u0442\\u044b\",\"Permissions\":{\"Read\":false,\"Write\":false}},{\"Name\":\"setting\",\"RusName\":\"\\u041d\\u0430\\u0441\\u0442\\u0440\\u043e\\u0439\\u043a\\u0438\",\"Permissions\":{\"Read\":false,\"Write\":false}},{\"Name\":\"dict\",\"RusName\":\"\\u0421\\u043b\\u043e\\u0432\\u0430\\u0440\\u0438\",\"Permissions\":{\"Read\":false,\"Write\":false}}],\"Directories\":[{\"Name\":\"Order\",\"RusName\":\"\\u0417\\u0430\\u043a\\u0430\\u0437\\u044b\",\"Permissions\":{\"Read\":false,\"Write\":false}},{\"Name\":\"Client\",\"RusName\":\"\\u041a\\u043b\\u0438\\u0435\\u043d\\u0442\\u044b\",\"Permissions\":{\"Read\":false,\"Write\":false}},{\"Name\":\"Delivery\",\"RusName\":\"\\u0422\\u0438\\u043f\\u044b \\u0414\\u043e\\u0441\\u0442\\u0430\\u0432\\u043a\\u0438\",\"Permissions\":{\"Read\":false,\"Write\":false}},{\"Name\":\"Payment\",\"RusName\":\"\\u0422\\u0438\\u043f\\u044b \\u041e\\u043f\\u043b\\u0430\\u0442\\u044b\",\"Permissions\":{\"Read\":false,\"Write\":false}},{\"Name\":\"OrderStatus\",\"RusName\":\"\\u0421\\u0442\\u0430\\u0442\\u0443\\u0441\\u044b \\u0437\\u0430\\u043a\\u0430\\u0437\\u0430\",\"Permissions\":{\"Read\":false,\"Write\":false}},{\"Name\":\"Car\",\"RusName\":\"\\u0410\\u0432\\u0442\\u043e\\u043c\\u043e\\u0431\\u0438\\u043b\\u0438\",\"Permissions\":{\"Read\":false,\"Write\":false}},{\"Name\":\"CarMark\",\"RusName\":\"\\u041c\\u0430\\u0440\\u043a\\u0438\",\"Permissions\":{\"Read\":false,\"Write\":false}},{\"Name\":\"CarModel\",\"RusName\":\"\\u041c\\u043e\\u0434\\u0435\\u043b\\u0438\",\"Permissions\":{\"Read\":false,\"Write\":false}},{\"Name\":\"CarCountry\",\"RusName\":\"\\u0421\\u0442\\u0440\\u0430\\u043d\\u044b\",\"Permissions\":{\"Read\":false,\"Write\":false}},{\"Name\":\"CarType\",\"RusName\":\"\\u0422\\u0438\\u043f\\u044b \\u043a\\u0443\\u0437\\u043e\\u0432\\u0430\",\"Permissions\":{\"Read\":false,\"Write\":false}},{\"Name\":\"CarColor\",\"RusName\":\"\\u0426\\u0432\\u0435\\u0442\\u0430\",\"Permissions\":{\"Read\":false,\"Write\":false}},{\"Name\":\"CarMarkModelCountry\",\"RusName\":\"\\u041c\\u0430\\u0440\\u043a\\u0430 - \\u041c\\u043e\\u0434\\u0435\\u043b\\u044c\",\"Permissions\":{\"Read\":false,\"Write\":false}},{\"Name\":\"User\",\"RusName\":\"\\u0421\\u043e\\u0442\\u0440\\u0443\\u0434\\u043d\\u0438\\u043a\\u0438\",\"Permissions\":{\"Read\":true,\"Write\":false}},{\"Name\":\"UserDepartment\",\"RusName\":\"\\u041e\\u0442\\u0434\\u0435\\u043b\\u044b\",\"Permissions\":{\"Read\":false,\"Write\":false}},{\"Name\":\"UserPosition\",\"RusName\":\"\\u0414\\u043e\\u043b\\u0436\\u043d\\u043e\\u0441\\u0442\\u0438\",\"Permissions\":{\"Read\":false,\"Write\":false}},{\"Name\":\"UserStatus\",\"RusName\":\"\\u0421\\u0442\\u0430\\u0442\\u0443\\u0441\\u044b\",\"Permissions\":{\"Read\":false,\"Write\":false}},{\"Name\":\"UserDepartmentPosition\",\"RusName\":\"\\u041e\\u0442\\u0434\\u0435\\u043b - \\u0414\\u043e\\u043b\\u0436\\u043d\\u043e\\u0441\\u0442\\u044c\",\"Permissions\":{\"Read\":false,\"Write\":false}}]}', NULL, 'wVevxFza1w', '2025-06-05 07:03:45', '2025-06-05 07:03:45'),
(26, 'ohara.brycen', '$2y$12$bcqVo2HE7Gsi7222/5IKMOG08Zv.QTxcX9TGBoXiSZWu.WCIyYCwW', 'Тарас', 'Елисеева', 'Александрович', 'kovaleva.eva@example.net', '+79731192381', '1986-08-31', 4, 12, '2007-07-24', 3, '2019-03-20', '{\"Tabs\":[{\"Name\":\"user\",\"RusName\":\"\\u041f\\u043e\\u043b\\u044c\\u0437\\u043e\\u0432\\u0430\\u0442\\u0435\\u043b\\u044c\",\"Permissions\":{\"Read\":true,\"Write\":true}},{\"Name\":\"order\",\"RusName\":\"\\u0417\\u0430\\u043a\\u0430\\u0437\\u044b\",\"Permissions\":{\"Read\":false,\"Write\":false}},{\"Name\":\"report\",\"RusName\":\"\\u041e\\u0442\\u0447\\u0435\\u0442\\u044b\",\"Permissions\":{\"Read\":false,\"Write\":false}},{\"Name\":\"setting\",\"RusName\":\"\\u041d\\u0430\\u0441\\u0442\\u0440\\u043e\\u0439\\u043a\\u0438\",\"Permissions\":{\"Read\":false,\"Write\":false}},{\"Name\":\"dict\",\"RusName\":\"\\u0421\\u043b\\u043e\\u0432\\u0430\\u0440\\u0438\",\"Permissions\":{\"Read\":false,\"Write\":false}}],\"Directories\":[{\"Name\":\"Order\",\"RusName\":\"\\u0417\\u0430\\u043a\\u0430\\u0437\\u044b\",\"Permissions\":{\"Read\":false,\"Write\":false}},{\"Name\":\"Client\",\"RusName\":\"\\u041a\\u043b\\u0438\\u0435\\u043d\\u0442\\u044b\",\"Permissions\":{\"Read\":false,\"Write\":false}},{\"Name\":\"Delivery\",\"RusName\":\"\\u0422\\u0438\\u043f\\u044b \\u0414\\u043e\\u0441\\u0442\\u0430\\u0432\\u043a\\u0438\",\"Permissions\":{\"Read\":false,\"Write\":false}},{\"Name\":\"Payment\",\"RusName\":\"\\u0422\\u0438\\u043f\\u044b \\u041e\\u043f\\u043b\\u0430\\u0442\\u044b\",\"Permissions\":{\"Read\":false,\"Write\":false}},{\"Name\":\"OrderStatus\",\"RusName\":\"\\u0421\\u0442\\u0430\\u0442\\u0443\\u0441\\u044b \\u0437\\u0430\\u043a\\u0430\\u0437\\u0430\",\"Permissions\":{\"Read\":false,\"Write\":false}},{\"Name\":\"Car\",\"RusName\":\"\\u0410\\u0432\\u0442\\u043e\\u043c\\u043e\\u0431\\u0438\\u043b\\u0438\",\"Permissions\":{\"Read\":false,\"Write\":false}},{\"Name\":\"CarMark\",\"RusName\":\"\\u041c\\u0430\\u0440\\u043a\\u0438\",\"Permissions\":{\"Read\":false,\"Write\":false}},{\"Name\":\"CarModel\",\"RusName\":\"\\u041c\\u043e\\u0434\\u0435\\u043b\\u0438\",\"Permissions\":{\"Read\":false,\"Write\":false}},{\"Name\":\"CarCountry\",\"RusName\":\"\\u0421\\u0442\\u0440\\u0430\\u043d\\u044b\",\"Permissions\":{\"Read\":false,\"Write\":false}},{\"Name\":\"CarType\",\"RusName\":\"\\u0422\\u0438\\u043f\\u044b \\u043a\\u0443\\u0437\\u043e\\u0432\\u0430\",\"Permissions\":{\"Read\":false,\"Write\":false}},{\"Name\":\"CarColor\",\"RusName\":\"\\u0426\\u0432\\u0435\\u0442\\u0430\",\"Permissions\":{\"Read\":false,\"Write\":false}},{\"Name\":\"CarMarkModelCountry\",\"RusName\":\"\\u041c\\u0430\\u0440\\u043a\\u0430 - \\u041c\\u043e\\u0434\\u0435\\u043b\\u044c\",\"Permissions\":{\"Read\":false,\"Write\":false}},{\"Name\":\"User\",\"RusName\":\"\\u0421\\u043e\\u0442\\u0440\\u0443\\u0434\\u043d\\u0438\\u043a\\u0438\",\"Permissions\":{\"Read\":true,\"Write\":false}},{\"Name\":\"UserDepartment\",\"RusName\":\"\\u041e\\u0442\\u0434\\u0435\\u043b\\u044b\",\"Permissions\":{\"Read\":false,\"Write\":false}},{\"Name\":\"UserPosition\",\"RusName\":\"\\u0414\\u043e\\u043b\\u0436\\u043d\\u043e\\u0441\\u0442\\u0438\",\"Permissions\":{\"Read\":false,\"Write\":false}},{\"Name\":\"UserStatus\",\"RusName\":\"\\u0421\\u0442\\u0430\\u0442\\u0443\\u0441\\u044b\",\"Permissions\":{\"Read\":false,\"Write\":false}},{\"Name\":\"UserDepartmentPosition\",\"RusName\":\"\\u041e\\u0442\\u0434\\u0435\\u043b - \\u0414\\u043e\\u043b\\u0436\\u043d\\u043e\\u0441\\u0442\\u044c\",\"Permissions\":{\"Read\":false,\"Write\":false}}]}', NULL, '3rtFrWuNQw', '2025-06-05 07:03:45', '2025-06-05 07:03:45'),
(27, 'pouros.greg', '$2y$12$bcqVo2HE7Gsi7222/5IKMOG08Zv.QTxcX9TGBoXiSZWu.WCIyYCwW', 'Валентин', 'Карпов', 'Владимирович', 'elizaveta.akovleva@example.net', '+79135999020', '1991-08-30', 4, 12, '2000-03-11', 3, '1976-08-28', '{\"Tabs\":[{\"Name\":\"user\",\"RusName\":\"\\u041f\\u043e\\u043b\\u044c\\u0437\\u043e\\u0432\\u0430\\u0442\\u0435\\u043b\\u044c\",\"Permissions\":{\"Read\":true,\"Write\":true}},{\"Name\":\"order\",\"RusName\":\"\\u0417\\u0430\\u043a\\u0430\\u0437\\u044b\",\"Permissions\":{\"Read\":false,\"Write\":false}},{\"Name\":\"report\",\"RusName\":\"\\u041e\\u0442\\u0447\\u0435\\u0442\\u044b\",\"Permissions\":{\"Read\":false,\"Write\":false}},{\"Name\":\"setting\",\"RusName\":\"\\u041d\\u0430\\u0441\\u0442\\u0440\\u043e\\u0439\\u043a\\u0438\",\"Permissions\":{\"Read\":false,\"Write\":false}},{\"Name\":\"dict\",\"RusName\":\"\\u0421\\u043b\\u043e\\u0432\\u0430\\u0440\\u0438\",\"Permissions\":{\"Read\":false,\"Write\":false}}],\"Directories\":[{\"Name\":\"Order\",\"RusName\":\"\\u0417\\u0430\\u043a\\u0430\\u0437\\u044b\",\"Permissions\":{\"Read\":false,\"Write\":false}},{\"Name\":\"Client\",\"RusName\":\"\\u041a\\u043b\\u0438\\u0435\\u043d\\u0442\\u044b\",\"Permissions\":{\"Read\":false,\"Write\":false}},{\"Name\":\"Delivery\",\"RusName\":\"\\u0422\\u0438\\u043f\\u044b \\u0414\\u043e\\u0441\\u0442\\u0430\\u0432\\u043a\\u0438\",\"Permissions\":{\"Read\":false,\"Write\":false}},{\"Name\":\"Payment\",\"RusName\":\"\\u0422\\u0438\\u043f\\u044b \\u041e\\u043f\\u043b\\u0430\\u0442\\u044b\",\"Permissions\":{\"Read\":false,\"Write\":false}},{\"Name\":\"OrderStatus\",\"RusName\":\"\\u0421\\u0442\\u0430\\u0442\\u0443\\u0441\\u044b \\u0437\\u0430\\u043a\\u0430\\u0437\\u0430\",\"Permissions\":{\"Read\":false,\"Write\":false}},{\"Name\":\"Car\",\"RusName\":\"\\u0410\\u0432\\u0442\\u043e\\u043c\\u043e\\u0431\\u0438\\u043b\\u0438\",\"Permissions\":{\"Read\":false,\"Write\":false}},{\"Name\":\"CarMark\",\"RusName\":\"\\u041c\\u0430\\u0440\\u043a\\u0438\",\"Permissions\":{\"Read\":false,\"Write\":false}},{\"Name\":\"CarModel\",\"RusName\":\"\\u041c\\u043e\\u0434\\u0435\\u043b\\u0438\",\"Permissions\":{\"Read\":false,\"Write\":false}},{\"Name\":\"CarCountry\",\"RusName\":\"\\u0421\\u0442\\u0440\\u0430\\u043d\\u044b\",\"Permissions\":{\"Read\":false,\"Write\":false}},{\"Name\":\"CarType\",\"RusName\":\"\\u0422\\u0438\\u043f\\u044b \\u043a\\u0443\\u0437\\u043e\\u0432\\u0430\",\"Permissions\":{\"Read\":false,\"Write\":false}},{\"Name\":\"CarColor\",\"RusName\":\"\\u0426\\u0432\\u0435\\u0442\\u0430\",\"Permissions\":{\"Read\":false,\"Write\":false}},{\"Name\":\"CarMarkModelCountry\",\"RusName\":\"\\u041c\\u0430\\u0440\\u043a\\u0430 - \\u041c\\u043e\\u0434\\u0435\\u043b\\u044c\",\"Permissions\":{\"Read\":false,\"Write\":false}},{\"Name\":\"User\",\"RusName\":\"\\u0421\\u043e\\u0442\\u0440\\u0443\\u0434\\u043d\\u0438\\u043a\\u0438\",\"Permissions\":{\"Read\":true,\"Write\":false}},{\"Name\":\"UserDepartment\",\"RusName\":\"\\u041e\\u0442\\u0434\\u0435\\u043b\\u044b\",\"Permissions\":{\"Read\":false,\"Write\":false}},{\"Name\":\"UserPosition\",\"RusName\":\"\\u0414\\u043e\\u043b\\u0436\\u043d\\u043e\\u0441\\u0442\\u0438\",\"Permissions\":{\"Read\":false,\"Write\":false}},{\"Name\":\"UserStatus\",\"RusName\":\"\\u0421\\u0442\\u0430\\u0442\\u0443\\u0441\\u044b\",\"Permissions\":{\"Read\":false,\"Write\":false}},{\"Name\":\"UserDepartmentPosition\",\"RusName\":\"\\u041e\\u0442\\u0434\\u0435\\u043b - \\u0414\\u043e\\u043b\\u0436\\u043d\\u043e\\u0441\\u0442\\u044c\",\"Permissions\":{\"Read\":false,\"Write\":false}}]}', NULL, '2Ft6IblCVU', '2025-06-05 07:03:45', '2025-06-05 07:03:45');
INSERT INTO `users` (`id`, `login`, `password`, `firstname`, `surname`, `patronymic`, `email`, `phone`, `birthday`, `department_id`, `position_id`, `start_work`, `status_id`, `status_at`, `permissions`, `deleted_at`, `remember_token`, `created_at`, `updated_at`) VALUES
(28, 'katrina14', '$2y$12$bcqVo2HE7Gsi7222/5IKMOG08Zv.QTxcX9TGBoXiSZWu.WCIyYCwW', 'Роберт', 'Кондратьев', 'Викторович', 'pkomarov@example.org', '+79423393723', '1988-06-29', 1, 3, '1980-10-22', 3, '1977-01-05', '{\"Tabs\":[{\"Name\":\"user\",\"RusName\":\"\\u041f\\u043e\\u043b\\u044c\\u0437\\u043e\\u0432\\u0430\\u0442\\u0435\\u043b\\u044c\",\"Permissions\":{\"Read\":true,\"Write\":true}},{\"Name\":\"order\",\"RusName\":\"\\u0417\\u0430\\u043a\\u0430\\u0437\\u044b\",\"Permissions\":{\"Read\":false,\"Write\":false}},{\"Name\":\"report\",\"RusName\":\"\\u041e\\u0442\\u0447\\u0435\\u0442\\u044b\",\"Permissions\":{\"Read\":false,\"Write\":false}},{\"Name\":\"setting\",\"RusName\":\"\\u041d\\u0430\\u0441\\u0442\\u0440\\u043e\\u0439\\u043a\\u0438\",\"Permissions\":{\"Read\":false,\"Write\":false}},{\"Name\":\"dict\",\"RusName\":\"\\u0421\\u043b\\u043e\\u0432\\u0430\\u0440\\u0438\",\"Permissions\":{\"Read\":false,\"Write\":false}}],\"Directories\":[{\"Name\":\"Order\",\"RusName\":\"\\u0417\\u0430\\u043a\\u0430\\u0437\\u044b\",\"Permissions\":{\"Read\":false,\"Write\":false}},{\"Name\":\"Client\",\"RusName\":\"\\u041a\\u043b\\u0438\\u0435\\u043d\\u0442\\u044b\",\"Permissions\":{\"Read\":false,\"Write\":false}},{\"Name\":\"Delivery\",\"RusName\":\"\\u0422\\u0438\\u043f\\u044b \\u0414\\u043e\\u0441\\u0442\\u0430\\u0432\\u043a\\u0438\",\"Permissions\":{\"Read\":false,\"Write\":false}},{\"Name\":\"Payment\",\"RusName\":\"\\u0422\\u0438\\u043f\\u044b \\u041e\\u043f\\u043b\\u0430\\u0442\\u044b\",\"Permissions\":{\"Read\":false,\"Write\":false}},{\"Name\":\"OrderStatus\",\"RusName\":\"\\u0421\\u0442\\u0430\\u0442\\u0443\\u0441\\u044b \\u0437\\u0430\\u043a\\u0430\\u0437\\u0430\",\"Permissions\":{\"Read\":false,\"Write\":false}},{\"Name\":\"Car\",\"RusName\":\"\\u0410\\u0432\\u0442\\u043e\\u043c\\u043e\\u0431\\u0438\\u043b\\u0438\",\"Permissions\":{\"Read\":false,\"Write\":false}},{\"Name\":\"CarMark\",\"RusName\":\"\\u041c\\u0430\\u0440\\u043a\\u0438\",\"Permissions\":{\"Read\":false,\"Write\":false}},{\"Name\":\"CarModel\",\"RusName\":\"\\u041c\\u043e\\u0434\\u0435\\u043b\\u0438\",\"Permissions\":{\"Read\":false,\"Write\":false}},{\"Name\":\"CarCountry\",\"RusName\":\"\\u0421\\u0442\\u0440\\u0430\\u043d\\u044b\",\"Permissions\":{\"Read\":false,\"Write\":false}},{\"Name\":\"CarType\",\"RusName\":\"\\u0422\\u0438\\u043f\\u044b \\u043a\\u0443\\u0437\\u043e\\u0432\\u0430\",\"Permissions\":{\"Read\":false,\"Write\":false}},{\"Name\":\"CarColor\",\"RusName\":\"\\u0426\\u0432\\u0435\\u0442\\u0430\",\"Permissions\":{\"Read\":false,\"Write\":false}},{\"Name\":\"CarMarkModelCountry\",\"RusName\":\"\\u041c\\u0430\\u0440\\u043a\\u0430 - \\u041c\\u043e\\u0434\\u0435\\u043b\\u044c\",\"Permissions\":{\"Read\":false,\"Write\":false}},{\"Name\":\"User\",\"RusName\":\"\\u0421\\u043e\\u0442\\u0440\\u0443\\u0434\\u043d\\u0438\\u043a\\u0438\",\"Permissions\":{\"Read\":true,\"Write\":false}},{\"Name\":\"UserDepartment\",\"RusName\":\"\\u041e\\u0442\\u0434\\u0435\\u043b\\u044b\",\"Permissions\":{\"Read\":false,\"Write\":false}},{\"Name\":\"UserPosition\",\"RusName\":\"\\u0414\\u043e\\u043b\\u0436\\u043d\\u043e\\u0441\\u0442\\u0438\",\"Permissions\":{\"Read\":false,\"Write\":false}},{\"Name\":\"UserStatus\",\"RusName\":\"\\u0421\\u0442\\u0430\\u0442\\u0443\\u0441\\u044b\",\"Permissions\":{\"Read\":false,\"Write\":false}},{\"Name\":\"UserDepartmentPosition\",\"RusName\":\"\\u041e\\u0442\\u0434\\u0435\\u043b - \\u0414\\u043e\\u043b\\u0436\\u043d\\u043e\\u0441\\u0442\\u044c\",\"Permissions\":{\"Read\":false,\"Write\":false}}]}', NULL, 'QkFYmIZo6L', '2025-06-05 07:03:45', '2025-06-05 07:03:45'),
(29, 'ktillman', '$2y$12$bcqVo2HE7Gsi7222/5IKMOG08Zv.QTxcX9TGBoXiSZWu.WCIyYCwW', 'Леонид', 'Тетерин', 'Павлович', 'okiseleva@example.net', '+79702286615', '1973-02-08', 1, 2, '2000-01-10', 4, '1986-10-01', '{\"Tabs\":[{\"Name\":\"user\",\"RusName\":\"\\u041f\\u043e\\u043b\\u044c\\u0437\\u043e\\u0432\\u0430\\u0442\\u0435\\u043b\\u044c\",\"Permissions\":{\"Read\":true,\"Write\":true}},{\"Name\":\"order\",\"RusName\":\"\\u0417\\u0430\\u043a\\u0430\\u0437\\u044b\",\"Permissions\":{\"Read\":false,\"Write\":false}},{\"Name\":\"report\",\"RusName\":\"\\u041e\\u0442\\u0447\\u0435\\u0442\\u044b\",\"Permissions\":{\"Read\":false,\"Write\":false}},{\"Name\":\"setting\",\"RusName\":\"\\u041d\\u0430\\u0441\\u0442\\u0440\\u043e\\u0439\\u043a\\u0438\",\"Permissions\":{\"Read\":false,\"Write\":false}},{\"Name\":\"dict\",\"RusName\":\"\\u0421\\u043b\\u043e\\u0432\\u0430\\u0440\\u0438\",\"Permissions\":{\"Read\":false,\"Write\":false}}],\"Directories\":[{\"Name\":\"Order\",\"RusName\":\"\\u0417\\u0430\\u043a\\u0430\\u0437\\u044b\",\"Permissions\":{\"Read\":false,\"Write\":false}},{\"Name\":\"Client\",\"RusName\":\"\\u041a\\u043b\\u0438\\u0435\\u043d\\u0442\\u044b\",\"Permissions\":{\"Read\":false,\"Write\":false}},{\"Name\":\"Delivery\",\"RusName\":\"\\u0422\\u0438\\u043f\\u044b \\u0414\\u043e\\u0441\\u0442\\u0430\\u0432\\u043a\\u0438\",\"Permissions\":{\"Read\":false,\"Write\":false}},{\"Name\":\"Payment\",\"RusName\":\"\\u0422\\u0438\\u043f\\u044b \\u041e\\u043f\\u043b\\u0430\\u0442\\u044b\",\"Permissions\":{\"Read\":false,\"Write\":false}},{\"Name\":\"OrderStatus\",\"RusName\":\"\\u0421\\u0442\\u0430\\u0442\\u0443\\u0441\\u044b \\u0437\\u0430\\u043a\\u0430\\u0437\\u0430\",\"Permissions\":{\"Read\":false,\"Write\":false}},{\"Name\":\"Car\",\"RusName\":\"\\u0410\\u0432\\u0442\\u043e\\u043c\\u043e\\u0431\\u0438\\u043b\\u0438\",\"Permissions\":{\"Read\":false,\"Write\":false}},{\"Name\":\"CarMark\",\"RusName\":\"\\u041c\\u0430\\u0440\\u043a\\u0438\",\"Permissions\":{\"Read\":false,\"Write\":false}},{\"Name\":\"CarModel\",\"RusName\":\"\\u041c\\u043e\\u0434\\u0435\\u043b\\u0438\",\"Permissions\":{\"Read\":false,\"Write\":false}},{\"Name\":\"CarCountry\",\"RusName\":\"\\u0421\\u0442\\u0440\\u0430\\u043d\\u044b\",\"Permissions\":{\"Read\":false,\"Write\":false}},{\"Name\":\"CarType\",\"RusName\":\"\\u0422\\u0438\\u043f\\u044b \\u043a\\u0443\\u0437\\u043e\\u0432\\u0430\",\"Permissions\":{\"Read\":false,\"Write\":false}},{\"Name\":\"CarColor\",\"RusName\":\"\\u0426\\u0432\\u0435\\u0442\\u0430\",\"Permissions\":{\"Read\":false,\"Write\":false}},{\"Name\":\"CarMarkModelCountry\",\"RusName\":\"\\u041c\\u0430\\u0440\\u043a\\u0430 - \\u041c\\u043e\\u0434\\u0435\\u043b\\u044c\",\"Permissions\":{\"Read\":false,\"Write\":false}},{\"Name\":\"User\",\"RusName\":\"\\u0421\\u043e\\u0442\\u0440\\u0443\\u0434\\u043d\\u0438\\u043a\\u0438\",\"Permissions\":{\"Read\":true,\"Write\":false}},{\"Name\":\"UserDepartment\",\"RusName\":\"\\u041e\\u0442\\u0434\\u0435\\u043b\\u044b\",\"Permissions\":{\"Read\":false,\"Write\":false}},{\"Name\":\"UserPosition\",\"RusName\":\"\\u0414\\u043e\\u043b\\u0436\\u043d\\u043e\\u0441\\u0442\\u0438\",\"Permissions\":{\"Read\":false,\"Write\":false}},{\"Name\":\"UserStatus\",\"RusName\":\"\\u0421\\u0442\\u0430\\u0442\\u0443\\u0441\\u044b\",\"Permissions\":{\"Read\":false,\"Write\":false}},{\"Name\":\"UserDepartmentPosition\",\"RusName\":\"\\u041e\\u0442\\u0434\\u0435\\u043b - \\u0414\\u043e\\u043b\\u0436\\u043d\\u043e\\u0441\\u0442\\u044c\",\"Permissions\":{\"Read\":false,\"Write\":false}}]}', NULL, 'WTwQdKrFEO', '2025-06-05 07:03:45', '2025-06-05 07:03:45'),
(30, 'laney45', '$2y$12$bcqVo2HE7Gsi7222/5IKMOG08Zv.QTxcX9TGBoXiSZWu.WCIyYCwW', 'Феликс', 'Кулагина', 'Александрович', 'lidia65@example.com', '+79193574099', '1990-02-28', 5, 10, '1997-05-29', 1, '1985-01-30', '{\"Tabs\":[{\"Name\":\"user\",\"RusName\":\"\\u041f\\u043e\\u043b\\u044c\\u0437\\u043e\\u0432\\u0430\\u0442\\u0435\\u043b\\u044c\",\"Permissions\":{\"Read\":true,\"Write\":true}},{\"Name\":\"order\",\"RusName\":\"\\u0417\\u0430\\u043a\\u0430\\u0437\\u044b\",\"Permissions\":{\"Read\":false,\"Write\":false}},{\"Name\":\"report\",\"RusName\":\"\\u041e\\u0442\\u0447\\u0435\\u0442\\u044b\",\"Permissions\":{\"Read\":false,\"Write\":false}},{\"Name\":\"setting\",\"RusName\":\"\\u041d\\u0430\\u0441\\u0442\\u0440\\u043e\\u0439\\u043a\\u0438\",\"Permissions\":{\"Read\":false,\"Write\":false}},{\"Name\":\"dict\",\"RusName\":\"\\u0421\\u043b\\u043e\\u0432\\u0430\\u0440\\u0438\",\"Permissions\":{\"Read\":false,\"Write\":false}}],\"Directories\":[{\"Name\":\"Order\",\"RusName\":\"\\u0417\\u0430\\u043a\\u0430\\u0437\\u044b\",\"Permissions\":{\"Read\":false,\"Write\":false}},{\"Name\":\"Client\",\"RusName\":\"\\u041a\\u043b\\u0438\\u0435\\u043d\\u0442\\u044b\",\"Permissions\":{\"Read\":false,\"Write\":false}},{\"Name\":\"Delivery\",\"RusName\":\"\\u0422\\u0438\\u043f\\u044b \\u0414\\u043e\\u0441\\u0442\\u0430\\u0432\\u043a\\u0438\",\"Permissions\":{\"Read\":false,\"Write\":false}},{\"Name\":\"Payment\",\"RusName\":\"\\u0422\\u0438\\u043f\\u044b \\u041e\\u043f\\u043b\\u0430\\u0442\\u044b\",\"Permissions\":{\"Read\":false,\"Write\":false}},{\"Name\":\"OrderStatus\",\"RusName\":\"\\u0421\\u0442\\u0430\\u0442\\u0443\\u0441\\u044b \\u0437\\u0430\\u043a\\u0430\\u0437\\u0430\",\"Permissions\":{\"Read\":false,\"Write\":false}},{\"Name\":\"Car\",\"RusName\":\"\\u0410\\u0432\\u0442\\u043e\\u043c\\u043e\\u0431\\u0438\\u043b\\u0438\",\"Permissions\":{\"Read\":false,\"Write\":false}},{\"Name\":\"CarMark\",\"RusName\":\"\\u041c\\u0430\\u0440\\u043a\\u0438\",\"Permissions\":{\"Read\":false,\"Write\":false}},{\"Name\":\"CarModel\",\"RusName\":\"\\u041c\\u043e\\u0434\\u0435\\u043b\\u0438\",\"Permissions\":{\"Read\":false,\"Write\":false}},{\"Name\":\"CarCountry\",\"RusName\":\"\\u0421\\u0442\\u0440\\u0430\\u043d\\u044b\",\"Permissions\":{\"Read\":false,\"Write\":false}},{\"Name\":\"CarType\",\"RusName\":\"\\u0422\\u0438\\u043f\\u044b \\u043a\\u0443\\u0437\\u043e\\u0432\\u0430\",\"Permissions\":{\"Read\":false,\"Write\":false}},{\"Name\":\"CarColor\",\"RusName\":\"\\u0426\\u0432\\u0435\\u0442\\u0430\",\"Permissions\":{\"Read\":false,\"Write\":false}},{\"Name\":\"CarMarkModelCountry\",\"RusName\":\"\\u041c\\u0430\\u0440\\u043a\\u0430 - \\u041c\\u043e\\u0434\\u0435\\u043b\\u044c\",\"Permissions\":{\"Read\":false,\"Write\":false}},{\"Name\":\"User\",\"RusName\":\"\\u0421\\u043e\\u0442\\u0440\\u0443\\u0434\\u043d\\u0438\\u043a\\u0438\",\"Permissions\":{\"Read\":true,\"Write\":false}},{\"Name\":\"UserDepartment\",\"RusName\":\"\\u041e\\u0442\\u0434\\u0435\\u043b\\u044b\",\"Permissions\":{\"Read\":false,\"Write\":false}},{\"Name\":\"UserPosition\",\"RusName\":\"\\u0414\\u043e\\u043b\\u0436\\u043d\\u043e\\u0441\\u0442\\u0438\",\"Permissions\":{\"Read\":false,\"Write\":false}},{\"Name\":\"UserStatus\",\"RusName\":\"\\u0421\\u0442\\u0430\\u0442\\u0443\\u0441\\u044b\",\"Permissions\":{\"Read\":false,\"Write\":false}},{\"Name\":\"UserDepartmentPosition\",\"RusName\":\"\\u041e\\u0442\\u0434\\u0435\\u043b - \\u0414\\u043e\\u043b\\u0436\\u043d\\u043e\\u0441\\u0442\\u044c\",\"Permissions\":{\"Read\":false,\"Write\":false}}]}', NULL, '97vagiEN5J', '2025-06-05 07:03:45', '2025-06-05 07:03:45'),
(31, 'sven83', '$2y$12$bcqVo2HE7Gsi7222/5IKMOG08Zv.QTxcX9TGBoXiSZWu.WCIyYCwW', 'Влад', 'Петухов', 'Михайлович', 'aleksej75@example.net', '+79317979857', '1972-07-05', 1, 1, '2004-03-27', 1, '2021-03-12', '{\"Tabs\":[{\"Name\":\"user\",\"RusName\":\"\\u041f\\u043e\\u043b\\u044c\\u0437\\u043e\\u0432\\u0430\\u0442\\u0435\\u043b\\u044c\",\"Permissions\":{\"Read\":true,\"Write\":true}},{\"Name\":\"order\",\"RusName\":\"\\u0417\\u0430\\u043a\\u0430\\u0437\\u044b\",\"Permissions\":{\"Read\":false,\"Write\":false}},{\"Name\":\"report\",\"RusName\":\"\\u041e\\u0442\\u0447\\u0435\\u0442\\u044b\",\"Permissions\":{\"Read\":false,\"Write\":false}},{\"Name\":\"setting\",\"RusName\":\"\\u041d\\u0430\\u0441\\u0442\\u0440\\u043e\\u0439\\u043a\\u0438\",\"Permissions\":{\"Read\":false,\"Write\":false}},{\"Name\":\"dict\",\"RusName\":\"\\u0421\\u043b\\u043e\\u0432\\u0430\\u0440\\u0438\",\"Permissions\":{\"Read\":false,\"Write\":false}}],\"Directories\":[{\"Name\":\"Order\",\"RusName\":\"\\u0417\\u0430\\u043a\\u0430\\u0437\\u044b\",\"Permissions\":{\"Read\":false,\"Write\":false}},{\"Name\":\"Client\",\"RusName\":\"\\u041a\\u043b\\u0438\\u0435\\u043d\\u0442\\u044b\",\"Permissions\":{\"Read\":false,\"Write\":false}},{\"Name\":\"Delivery\",\"RusName\":\"\\u0422\\u0438\\u043f\\u044b \\u0414\\u043e\\u0441\\u0442\\u0430\\u0432\\u043a\\u0438\",\"Permissions\":{\"Read\":false,\"Write\":false}},{\"Name\":\"Payment\",\"RusName\":\"\\u0422\\u0438\\u043f\\u044b \\u041e\\u043f\\u043b\\u0430\\u0442\\u044b\",\"Permissions\":{\"Read\":false,\"Write\":false}},{\"Name\":\"OrderStatus\",\"RusName\":\"\\u0421\\u0442\\u0430\\u0442\\u0443\\u0441\\u044b \\u0437\\u0430\\u043a\\u0430\\u0437\\u0430\",\"Permissions\":{\"Read\":false,\"Write\":false}},{\"Name\":\"Car\",\"RusName\":\"\\u0410\\u0432\\u0442\\u043e\\u043c\\u043e\\u0431\\u0438\\u043b\\u0438\",\"Permissions\":{\"Read\":false,\"Write\":false}},{\"Name\":\"CarMark\",\"RusName\":\"\\u041c\\u0430\\u0440\\u043a\\u0438\",\"Permissions\":{\"Read\":false,\"Write\":false}},{\"Name\":\"CarModel\",\"RusName\":\"\\u041c\\u043e\\u0434\\u0435\\u043b\\u0438\",\"Permissions\":{\"Read\":false,\"Write\":false}},{\"Name\":\"CarCountry\",\"RusName\":\"\\u0421\\u0442\\u0440\\u0430\\u043d\\u044b\",\"Permissions\":{\"Read\":false,\"Write\":false}},{\"Name\":\"CarType\",\"RusName\":\"\\u0422\\u0438\\u043f\\u044b \\u043a\\u0443\\u0437\\u043e\\u0432\\u0430\",\"Permissions\":{\"Read\":false,\"Write\":false}},{\"Name\":\"CarColor\",\"RusName\":\"\\u0426\\u0432\\u0435\\u0442\\u0430\",\"Permissions\":{\"Read\":false,\"Write\":false}},{\"Name\":\"CarMarkModelCountry\",\"RusName\":\"\\u041c\\u0430\\u0440\\u043a\\u0430 - \\u041c\\u043e\\u0434\\u0435\\u043b\\u044c\",\"Permissions\":{\"Read\":false,\"Write\":false}},{\"Name\":\"User\",\"RusName\":\"\\u0421\\u043e\\u0442\\u0440\\u0443\\u0434\\u043d\\u0438\\u043a\\u0438\",\"Permissions\":{\"Read\":true,\"Write\":false}},{\"Name\":\"UserDepartment\",\"RusName\":\"\\u041e\\u0442\\u0434\\u0435\\u043b\\u044b\",\"Permissions\":{\"Read\":false,\"Write\":false}},{\"Name\":\"UserPosition\",\"RusName\":\"\\u0414\\u043e\\u043b\\u0436\\u043d\\u043e\\u0441\\u0442\\u0438\",\"Permissions\":{\"Read\":false,\"Write\":false}},{\"Name\":\"UserStatus\",\"RusName\":\"\\u0421\\u0442\\u0430\\u0442\\u0443\\u0441\\u044b\",\"Permissions\":{\"Read\":false,\"Write\":false}},{\"Name\":\"UserDepartmentPosition\",\"RusName\":\"\\u041e\\u0442\\u0434\\u0435\\u043b - \\u0414\\u043e\\u043b\\u0436\\u043d\\u043e\\u0441\\u0442\\u044c\",\"Permissions\":{\"Read\":false,\"Write\":false}}]}', NULL, 'muvNuvwuyy', '2025-06-05 07:03:45', '2025-06-05 07:03:45');

-- --------------------------------------------------------

--
-- Структура таблицы `user_departments`
--

CREATE TABLE `user_departments` (
  `id` bigint(20) UNSIGNED NOT NULL,
  `department_name` varchar(255) NOT NULL,
  `department_description` text DEFAULT NULL,
  `department_mail` varchar(255) NOT NULL,
  `deleted_at` timestamp NULL DEFAULT NULL,
  `created_at` timestamp NULL DEFAULT NULL,
  `updated_at` timestamp NULL DEFAULT NULL
) ENGINE=InnoDB DEFAULT CHARSET=utf8mb4 COLLATE=utf8mb4_unicode_ci;

--
-- Дамп данных таблицы `user_departments`
--

INSERT INTO `user_departments` (`id`, `department_name`, `department_description`, `department_mail`, `deleted_at`, `created_at`, `updated_at`) VALUES
(1, 'Дирекция', 'THAT direction,\' waving the other side. The.', 'qschoen@example.net', NULL, '2025-06-05 07:03:43', '2025-06-05 07:03:43'),
(2, 'Бухгалтерия', 'Gryphon. \'Turn a somersault in the face. \'I\'ll.', 'schaefer.serena@example.net', NULL, '2025-06-05 07:03:43', '2025-06-05 07:03:43'),
(3, 'Отдел кадров', 'Queen of Hearts, he stole those tarts, And took.', 'egrimes@example.net', NULL, '2025-06-05 07:03:43', '2025-06-05 07:03:43'),
(4, 'Отдел продаж', 'Footman remarked, \'till tomorrow--\' At this.', 'emmy.macejkovic@example.com', NULL, '2025-06-05 07:03:43', '2025-06-05 07:03:43'),
(5, 'Отдел маркетинга', 'IT. It\'s HIM.\' \'I don\'t even know what they\'re.', 'rath.jordyn@example.net', NULL, '2025-06-05 07:03:43', '2025-06-05 07:03:43'),
(6, 'IT отдел', 'King; and the m--\' But here, to Alice\'s great.', 'tbayer@example.com', NULL, '2025-06-05 07:03:43', '2025-06-05 07:03:43'),
(7, 'Склад', 'There seemed to be ashamed of yourself for.', 'moses.dietrich@example.com', NULL, '2025-06-05 07:03:43', '2025-06-05 07:03:43');

-- --------------------------------------------------------

--
-- Структура таблицы `user_department_positions`
--

CREATE TABLE `user_department_positions` (
  `id` bigint(20) UNSIGNED NOT NULL,
  `department_id` bigint(20) UNSIGNED NOT NULL,
  `position_id` bigint(20) UNSIGNED NOT NULL,
  `deleted_at` timestamp NULL DEFAULT NULL,
  `created_at` timestamp NULL DEFAULT NULL,
  `updated_at` timestamp NULL DEFAULT NULL
) ENGINE=InnoDB DEFAULT CHARSET=utf8mb4 COLLATE=utf8mb4_unicode_ci;

--
-- Дамп данных таблицы `user_department_positions`
--

INSERT INTO `user_department_positions` (`id`, `department_id`, `position_id`, `deleted_at`, `created_at`, `updated_at`) VALUES
(1, 1, 1, NULL, '2025-06-05 07:03:43', '2025-06-05 07:03:43'),
(2, 1, 2, NULL, '2025-06-05 07:03:43', '2025-06-05 07:03:43'),
(3, 1, 3, NULL, '2025-06-05 07:03:43', '2025-06-05 07:03:43'),
(4, 2, 4, NULL, '2025-06-05 07:03:43', '2025-06-05 07:03:43'),
(5, 2, 5, NULL, '2025-06-05 07:03:43', '2025-06-05 07:03:43'),
(6, 2, 13, NULL, '2025-06-05 07:03:43', '2025-06-05 07:03:43'),
(7, 3, 6, NULL, '2025-06-05 07:03:43', '2025-06-05 07:03:43'),
(8, 3, 7, NULL, '2025-06-05 07:03:43', '2025-06-05 07:03:43'),
(9, 3, 8, NULL, '2025-06-05 07:03:43', '2025-06-05 07:03:43'),
(10, 4, 6, NULL, '2025-06-05 07:03:43', '2025-06-05 07:03:43'),
(11, 5, 10, NULL, '2025-06-05 07:03:43', '2025-06-05 07:03:43'),
(12, 4, 12, NULL, '2025-06-05 07:03:43', '2025-06-05 07:03:43'),
(13, 4, 13, NULL, '2025-06-05 07:03:43', '2025-06-05 07:03:43'),
(14, 5, 6, NULL, '2025-06-05 07:03:43', '2025-06-05 07:03:43'),
(15, 6, 6, NULL, '2025-06-05 07:03:43', '2025-06-05 07:03:43'),
(16, 6, 9, NULL, '2025-06-05 07:03:43', '2025-06-05 07:03:43'),
(17, 6, 11, NULL, '2025-06-05 07:03:43', '2025-06-05 07:03:43'),
(18, 7, 6, NULL, '2025-06-05 07:03:43', '2025-06-05 07:03:43');

-- --------------------------------------------------------

--
-- Структура таблицы `user_positions`
--

CREATE TABLE `user_positions` (
  `id` bigint(20) UNSIGNED NOT NULL,
  `position_name` varchar(255) NOT NULL,
  `position_description` text DEFAULT NULL,
  `deleted_at` timestamp NULL DEFAULT NULL,
  `created_at` timestamp NULL DEFAULT NULL,
  `updated_at` timestamp NULL DEFAULT NULL
) ENGINE=InnoDB DEFAULT CHARSET=utf8mb4 COLLATE=utf8mb4_unicode_ci;

--
-- Дамп данных таблицы `user_positions`
--

INSERT INTO `user_positions` (`id`, `position_name`, `position_description`, `deleted_at`, `created_at`, `updated_at`) VALUES
(1, 'Генеральный директор', 'Wonderland of long ago: and how she was now more.', NULL, '2025-06-05 07:03:43', '2025-06-05 07:03:43'),
(2, 'Коммерческий директор', 'All this time she found herself at last came a.', NULL, '2025-06-05 07:03:43', '2025-06-05 07:03:43'),
(3, 'Технический директор', 'Alice put down the chimney!\' \'Oh! So Bill\'s got.', NULL, '2025-06-05 07:03:43', '2025-06-05 07:03:43'),
(4, 'Главный бухгалтер', 'I should think!\' (Dinah was the first verse,\'.', NULL, '2025-06-05 07:03:43', '2025-06-05 07:03:43'),
(5, 'Бухгалтер', 'Mock Turtle said with a kind of authority over.', NULL, '2025-06-05 07:03:43', '2025-06-05 07:03:43'),
(6, 'Руководитель отдела', 'I know is, it would not give all else for two.', NULL, '2025-06-05 07:03:43', '2025-06-05 07:03:43'),
(7, 'HR-координатор', 'Alice sadly. \'Hand it over here,\' said the.', NULL, '2025-06-05 07:03:43', '2025-06-05 07:03:43'),
(8, 'Кадровик', 'Alice was very like having a game of croquet she.', NULL, '2025-06-05 07:03:43', '2025-06-05 07:03:43'),
(9, 'Системный администратор', 'Alice again. \'No, I didn\'t,\' said Alice: \'three.', NULL, '2025-06-05 07:03:43', '2025-06-05 07:03:43'),
(10, 'Руководитель группы', 'He got behind Alice as he spoke, \'we were.', NULL, '2025-06-05 07:03:43', '2025-06-05 07:03:43'),
(11, 'Программист', 'King; \'and don\'t look at them--\'I wish they\'d.', NULL, '2025-06-05 07:03:43', '2025-06-05 07:03:43'),
(12, 'Менеджер', 'No room!\' they cried out when they passed too.', NULL, '2025-06-05 07:03:43', '2025-06-05 07:03:43'),
(13, 'Стажер', 'Alice an excellent opportunity for repeating his.', NULL, '2025-06-05 07:03:43', '2025-06-05 07:03:43');

-- --------------------------------------------------------

--
-- Структура таблицы `user_statuses`
--

CREATE TABLE `user_statuses` (
  `id` bigint(20) UNSIGNED NOT NULL,
  `status_name` varchar(255) NOT NULL,
  `status_number` int(10) UNSIGNED NOT NULL,
  `deleted_at` timestamp NULL DEFAULT NULL,
  `created_at` timestamp NULL DEFAULT NULL,
  `updated_at` timestamp NULL DEFAULT NULL
) ENGINE=InnoDB DEFAULT CHARSET=utf8mb4 COLLATE=utf8mb4_unicode_ci;

--
-- Дамп данных таблицы `user_statuses`
--

INSERT INTO `user_statuses` (`id`, `status_name`, `status_number`, `deleted_at`, `created_at`, `updated_at`) VALUES
(1, 'работает', 1, NULL, '2025-06-05 07:03:43', '2025-06-05 07:03:43'),
(2, 'уволен', 2, NULL, '2025-06-05 07:03:43', '2025-06-05 07:03:43'),
(3, 'в отпуске', 3, NULL, '2025-06-05 07:03:43', '2025-06-05 07:03:43'),
(4, 'на больничном', 4, NULL, '2025-06-05 07:03:43', '2025-06-05 07:03:43');

--
-- Индексы сохранённых таблиц
--

--
-- Индексы таблицы `cache`
--
ALTER TABLE `cache`
  ADD PRIMARY KEY (`key`);

--
-- Индексы таблицы `cache_locks`
--
ALTER TABLE `cache_locks`
  ADD PRIMARY KEY (`key`);

--
-- Индексы таблицы `cars`
--
ALTER TABLE `cars`
  ADD PRIMARY KEY (`id`),
  ADD UNIQUE KEY `cars_vin_unique` (`vin`),
  ADD UNIQUE KEY `cars_pts_unique` (`pts`),
  ADD KEY `cars_mark_id_foreign` (`mark_id`),
  ADD KEY `cars_model_id_foreign` (`model_id`),
  ADD KEY `cars_country_id_foreign` (`country_id`),
  ADD KEY `cars_type_id_foreign` (`type_id`),
  ADD KEY `cars_color_id_foreign` (`color_id`);

--
-- Индексы таблицы `car_colors`
--
ALTER TABLE `car_colors`
  ADD PRIMARY KEY (`id`),
  ADD UNIQUE KEY `car_colors_color_name_unique` (`color_name`);

--
-- Индексы таблицы `car_countries`
--
ALTER TABLE `car_countries`
  ADD PRIMARY KEY (`id`),
  ADD UNIQUE KEY `car_countries_country_name_unique` (`country_name`);

--
-- Индексы таблицы `car_marks`
--
ALTER TABLE `car_marks`
  ADD PRIMARY KEY (`id`),
  ADD UNIQUE KEY `car_marks_mark_name_unique` (`mark_name`);

--
-- Индексы таблицы `car_mark_model_countries`
--
ALTER TABLE `car_mark_model_countries`
  ADD PRIMARY KEY (`id`),
  ADD UNIQUE KEY `unique_mark_model_country` (`mark_id`,`model_id`,`country_id`),
  ADD KEY `car_mark_model_countries_model_id_foreign` (`model_id`),
  ADD KEY `car_mark_model_countries_country_id_foreign` (`country_id`);

--
-- Индексы таблицы `car_models`
--
ALTER TABLE `car_models`
  ADD PRIMARY KEY (`id`),
  ADD UNIQUE KEY `car_models_model_name_unique` (`model_name`);

--
-- Индексы таблицы `car_photos`
--
ALTER TABLE `car_photos`
  ADD PRIMARY KEY (`id`),
  ADD KEY `car_photos_car_id_foreign` (`car_id`);

--
-- Индексы таблицы `car_types`
--
ALTER TABLE `car_types`
  ADD PRIMARY KEY (`id`),
  ADD UNIQUE KEY `car_types_type_name_unique` (`type_name`);

--
-- Индексы таблицы `clients`
--
ALTER TABLE `clients`
  ADD PRIMARY KEY (`id`),
  ADD UNIQUE KEY `clients_client_name_unique` (`client_name`),
  ADD UNIQUE KEY `clients_client_mail_unique` (`client_mail`),
  ADD UNIQUE KEY `clients_client_phone_unique` (`client_phone`);

--
-- Индексы таблицы `deliveries`
--
ALTER TABLE `deliveries`
  ADD PRIMARY KEY (`id`),
  ADD UNIQUE KEY `deliveries_delivery_name_unique` (`delivery_name`);

--
-- Индексы таблицы `failed_jobs`
--
ALTER TABLE `failed_jobs`
  ADD PRIMARY KEY (`id`),
  ADD UNIQUE KEY `failed_jobs_uuid_unique` (`uuid`);

--
-- Индексы таблицы `jobs`
--
ALTER TABLE `jobs`
  ADD PRIMARY KEY (`id`),
  ADD KEY `jobs_queue_index` (`queue`);

--
-- Индексы таблицы `job_batches`
--
ALTER TABLE `job_batches`
  ADD PRIMARY KEY (`id`);

--
-- Индексы таблицы `migrations`
--
ALTER TABLE `migrations`
  ADD PRIMARY KEY (`id`);

--
-- Индексы таблицы `orders`
--
ALTER TABLE `orders`
  ADD PRIMARY KEY (`id`),
  ADD KEY `orders_client_id_foreign` (`client_id`),
  ADD KEY `orders_user_id_foreign` (`user_id`),
  ADD KEY `orders_payment_id_foreign` (`payment_id`),
  ADD KEY `orders_delivery_id_foreign` (`delivery_id`);

--
-- Индексы таблицы `order_cars`
--
ALTER TABLE `order_cars`
  ADD PRIMARY KEY (`id`),
  ADD UNIQUE KEY `unique_order_car` (`order_id`,`car_id`),
  ADD KEY `order_cars_car_id_foreign` (`car_id`);

--
-- Индексы таблицы `order_statuses`
--
ALTER TABLE `order_statuses`
  ADD PRIMARY KEY (`id`),
  ADD KEY `order_statuses_order_id_foreign` (`order_id`),
  ADD KEY `order_statuses_status_id_foreign` (`status_id`);

--
-- Индексы таблицы `password_reset_tokens`
--
ALTER TABLE `password_reset_tokens`
  ADD PRIMARY KEY (`email`);

--
-- Индексы таблицы `payments`
--
ALTER TABLE `payments`
  ADD PRIMARY KEY (`id`),
  ADD UNIQUE KEY `payments_payment_name_unique` (`payment_name`);

--
-- Индексы таблицы `personal_access_tokens`
--
ALTER TABLE `personal_access_tokens`
  ADD PRIMARY KEY (`id`),
  ADD UNIQUE KEY `personal_access_tokens_token_unique` (`token`),
  ADD KEY `personal_access_tokens_tokenable_type_tokenable_id_index` (`tokenable_type`,`tokenable_id`);

--
-- Индексы таблицы `sessions`
--
ALTER TABLE `sessions`
  ADD PRIMARY KEY (`id`),
  ADD KEY `sessions_user_id_index` (`user_id`),
  ADD KEY `sessions_last_activity_index` (`last_activity`);

--
-- Индексы таблицы `statuses`
--
ALTER TABLE `statuses`
  ADD PRIMARY KEY (`id`),
  ADD UNIQUE KEY `statuses_status_name_unique` (`status_name`),
  ADD UNIQUE KEY `statuses_status_number_unique` (`status_number`);

--
-- Индексы таблицы `users`
--
ALTER TABLE `users`
  ADD PRIMARY KEY (`id`),
  ADD UNIQUE KEY `users_login_unique` (`login`),
  ADD UNIQUE KEY `users_email_unique` (`email`),
  ADD KEY `users_department_id_foreign` (`department_id`),
  ADD KEY `users_position_id_foreign` (`position_id`),
  ADD KEY `users_status_id_foreign` (`status_id`);

--
-- Индексы таблицы `user_departments`
--
ALTER TABLE `user_departments`
  ADD PRIMARY KEY (`id`),
  ADD UNIQUE KEY `user_departments_department_name_unique` (`department_name`),
  ADD UNIQUE KEY `user_departments_department_mail_unique` (`department_mail`);

--
-- Индексы таблицы `user_department_positions`
--
ALTER TABLE `user_department_positions`
  ADD PRIMARY KEY (`id`),
  ADD UNIQUE KEY `unique_department_position` (`department_id`,`position_id`),
  ADD KEY `user_department_positions_position_id_foreign` (`position_id`);

--
-- Индексы таблицы `user_positions`
--
ALTER TABLE `user_positions`
  ADD PRIMARY KEY (`id`),
  ADD UNIQUE KEY `user_positions_position_name_unique` (`position_name`);

--
-- Индексы таблицы `user_statuses`
--
ALTER TABLE `user_statuses`
  ADD PRIMARY KEY (`id`),
  ADD UNIQUE KEY `user_statuses_status_name_unique` (`status_name`),
  ADD UNIQUE KEY `user_statuses_status_number_unique` (`status_number`);

--
-- AUTO_INCREMENT для сохранённых таблиц
--

--
-- AUTO_INCREMENT для таблицы `cars`
--
ALTER TABLE `cars`
  MODIFY `id` bigint(20) UNSIGNED NOT NULL AUTO_INCREMENT, AUTO_INCREMENT=17;

--
-- AUTO_INCREMENT для таблицы `car_colors`
--
ALTER TABLE `car_colors`
  MODIFY `id` bigint(20) UNSIGNED NOT NULL AUTO_INCREMENT, AUTO_INCREMENT=18;

--
-- AUTO_INCREMENT для таблицы `car_countries`
--
ALTER TABLE `car_countries`
  MODIFY `id` bigint(20) UNSIGNED NOT NULL AUTO_INCREMENT, AUTO_INCREMENT=39;

--
-- AUTO_INCREMENT для таблицы `car_marks`
--
ALTER TABLE `car_marks`
  MODIFY `id` bigint(20) UNSIGNED NOT NULL AUTO_INCREMENT, AUTO_INCREMENT=367;

--
-- AUTO_INCREMENT для таблицы `car_mark_model_countries`
--
ALTER TABLE `car_mark_model_countries`
  MODIFY `id` bigint(20) UNSIGNED NOT NULL AUTO_INCREMENT, AUTO_INCREMENT=500;

--
-- AUTO_INCREMENT для таблицы `car_models`
--
ALTER TABLE `car_models`
  MODIFY `id` bigint(20) UNSIGNED NOT NULL AUTO_INCREMENT, AUTO_INCREMENT=3644;

--
-- AUTO_INCREMENT для таблицы `car_photos`
--
ALTER TABLE `car_photos`
  MODIFY `id` bigint(20) UNSIGNED NOT NULL AUTO_INCREMENT;

--
-- AUTO_INCREMENT для таблицы `car_types`
--
ALTER TABLE `car_types`
  MODIFY `id` bigint(20) UNSIGNED NOT NULL AUTO_INCREMENT, AUTO_INCREMENT=18;

--
-- AUTO_INCREMENT для таблицы `clients`
--
ALTER TABLE `clients`
  MODIFY `id` bigint(20) UNSIGNED NOT NULL AUTO_INCREMENT, AUTO_INCREMENT=11;

--
-- AUTO_INCREMENT для таблицы `deliveries`
--
ALTER TABLE `deliveries`
  MODIFY `id` bigint(20) UNSIGNED NOT NULL AUTO_INCREMENT, AUTO_INCREMENT=4;

--
-- AUTO_INCREMENT для таблицы `failed_jobs`
--
ALTER TABLE `failed_jobs`
  MODIFY `id` bigint(20) UNSIGNED NOT NULL AUTO_INCREMENT;

--
-- AUTO_INCREMENT для таблицы `jobs`
--
ALTER TABLE `jobs`
  MODIFY `id` bigint(20) UNSIGNED NOT NULL AUTO_INCREMENT;

--
-- AUTO_INCREMENT для таблицы `migrations`
--
ALTER TABLE `migrations`
  MODIFY `id` int(10) UNSIGNED NOT NULL AUTO_INCREMENT, AUTO_INCREMENT=169;

--
-- AUTO_INCREMENT для таблицы `orders`
--
ALTER TABLE `orders`
  MODIFY `id` bigint(20) UNSIGNED NOT NULL AUTO_INCREMENT, AUTO_INCREMENT=16;

--
-- AUTO_INCREMENT для таблицы `order_cars`
--
ALTER TABLE `order_cars`
  MODIFY `id` bigint(20) UNSIGNED NOT NULL AUTO_INCREMENT, AUTO_INCREMENT=41;

--
-- AUTO_INCREMENT для таблицы `order_statuses`
--
ALTER TABLE `order_statuses`
  MODIFY `id` bigint(20) UNSIGNED NOT NULL AUTO_INCREMENT, AUTO_INCREMENT=26;

--
-- AUTO_INCREMENT для таблицы `payments`
--
ALTER TABLE `payments`
  MODIFY `id` bigint(20) UNSIGNED NOT NULL AUTO_INCREMENT, AUTO_INCREMENT=4;

--
-- AUTO_INCREMENT для таблицы `personal_access_tokens`
--
ALTER TABLE `personal_access_tokens`
  MODIFY `id` bigint(20) UNSIGNED NOT NULL AUTO_INCREMENT;

--
-- AUTO_INCREMENT для таблицы `statuses`
--
ALTER TABLE `statuses`
  MODIFY `id` bigint(20) UNSIGNED NOT NULL AUTO_INCREMENT, AUTO_INCREMENT=6;

--
-- AUTO_INCREMENT для таблицы `users`
--
ALTER TABLE `users`
  MODIFY `id` bigint(20) UNSIGNED NOT NULL AUTO_INCREMENT, AUTO_INCREMENT=32;

--
-- AUTO_INCREMENT для таблицы `user_departments`
--
ALTER TABLE `user_departments`
  MODIFY `id` bigint(20) UNSIGNED NOT NULL AUTO_INCREMENT, AUTO_INCREMENT=8;

--
-- AUTO_INCREMENT для таблицы `user_department_positions`
--
ALTER TABLE `user_department_positions`
  MODIFY `id` bigint(20) UNSIGNED NOT NULL AUTO_INCREMENT, AUTO_INCREMENT=20;

--
-- AUTO_INCREMENT для таблицы `user_positions`
--
ALTER TABLE `user_positions`
  MODIFY `id` bigint(20) UNSIGNED NOT NULL AUTO_INCREMENT, AUTO_INCREMENT=14;

--
-- AUTO_INCREMENT для таблицы `user_statuses`
--
ALTER TABLE `user_statuses`
  MODIFY `id` bigint(20) UNSIGNED NOT NULL AUTO_INCREMENT, AUTO_INCREMENT=5;

--
-- Ограничения внешнего ключа сохраненных таблиц
--

--
-- Ограничения внешнего ключа таблицы `cars`
--
ALTER TABLE `cars`
  ADD CONSTRAINT `cars_color_id_foreign` FOREIGN KEY (`color_id`) REFERENCES `car_colors` (`id`) ON DELETE CASCADE,
  ADD CONSTRAINT `cars_country_id_foreign` FOREIGN KEY (`country_id`) REFERENCES `car_countries` (`id`) ON DELETE CASCADE,
  ADD CONSTRAINT `cars_mark_id_foreign` FOREIGN KEY (`mark_id`) REFERENCES `car_marks` (`id`) ON DELETE CASCADE,
  ADD CONSTRAINT `cars_model_id_foreign` FOREIGN KEY (`model_id`) REFERENCES `car_models` (`id`) ON DELETE CASCADE,
  ADD CONSTRAINT `cars_type_id_foreign` FOREIGN KEY (`type_id`) REFERENCES `car_types` (`id`) ON DELETE CASCADE;

--
-- Ограничения внешнего ключа таблицы `car_mark_model_countries`
--
ALTER TABLE `car_mark_model_countries`
  ADD CONSTRAINT `car_mark_model_countries_country_id_foreign` FOREIGN KEY (`country_id`) REFERENCES `car_countries` (`id`) ON DELETE CASCADE,
  ADD CONSTRAINT `car_mark_model_countries_mark_id_foreign` FOREIGN KEY (`mark_id`) REFERENCES `car_marks` (`id`) ON DELETE CASCADE,
  ADD CONSTRAINT `car_mark_model_countries_model_id_foreign` FOREIGN KEY (`model_id`) REFERENCES `car_models` (`id`) ON DELETE CASCADE;

--
-- Ограничения внешнего ключа таблицы `car_photos`
--
ALTER TABLE `car_photos`
  ADD CONSTRAINT `car_photos_car_id_foreign` FOREIGN KEY (`car_id`) REFERENCES `cars` (`id`) ON DELETE SET NULL;

--
-- Ограничения внешнего ключа таблицы `orders`
--
ALTER TABLE `orders`
  ADD CONSTRAINT `orders_client_id_foreign` FOREIGN KEY (`client_id`) REFERENCES `clients` (`id`) ON DELETE CASCADE,
  ADD CONSTRAINT `orders_delivery_id_foreign` FOREIGN KEY (`delivery_id`) REFERENCES `deliveries` (`id`) ON DELETE CASCADE,
  ADD CONSTRAINT `orders_payment_id_foreign` FOREIGN KEY (`payment_id`) REFERENCES `payments` (`id`) ON DELETE CASCADE,
  ADD CONSTRAINT `orders_user_id_foreign` FOREIGN KEY (`user_id`) REFERENCES `users` (`id`) ON DELETE CASCADE;

--
-- Ограничения внешнего ключа таблицы `order_cars`
--
ALTER TABLE `order_cars`
  ADD CONSTRAINT `order_cars_car_id_foreign` FOREIGN KEY (`car_id`) REFERENCES `cars` (`id`) ON DELETE CASCADE,
  ADD CONSTRAINT `order_cars_order_id_foreign` FOREIGN KEY (`order_id`) REFERENCES `orders` (`id`) ON DELETE CASCADE;

--
-- Ограничения внешнего ключа таблицы `order_statuses`
--
ALTER TABLE `order_statuses`
  ADD CONSTRAINT `order_statuses_order_id_foreign` FOREIGN KEY (`order_id`) REFERENCES `orders` (`id`) ON DELETE CASCADE,
  ADD CONSTRAINT `order_statuses_status_id_foreign` FOREIGN KEY (`status_id`) REFERENCES `statuses` (`id`) ON DELETE CASCADE;

--
-- Ограничения внешнего ключа таблицы `users`
--
ALTER TABLE `users`
  ADD CONSTRAINT `users_department_id_foreign` FOREIGN KEY (`department_id`) REFERENCES `user_departments` (`id`) ON DELETE SET NULL,
  ADD CONSTRAINT `users_position_id_foreign` FOREIGN KEY (`position_id`) REFERENCES `user_positions` (`id`) ON DELETE SET NULL,
  ADD CONSTRAINT `users_status_id_foreign` FOREIGN KEY (`status_id`) REFERENCES `user_statuses` (`id`) ON DELETE SET NULL;

--
-- Ограничения внешнего ключа таблицы `user_department_positions`
--
ALTER TABLE `user_department_positions`
  ADD CONSTRAINT `user_department_positions_department_id_foreign` FOREIGN KEY (`department_id`) REFERENCES `user_departments` (`id`) ON DELETE CASCADE,
  ADD CONSTRAINT `user_department_positions_position_id_foreign` FOREIGN KEY (`position_id`) REFERENCES `user_positions` (`id`) ON DELETE CASCADE;
COMMIT;

/*!40101 SET CHARACTER_SET_CLIENT=@OLD_CHARACTER_SET_CLIENT */;
/*!40101 SET CHARACTER_SET_RESULTS=@OLD_CHARACTER_SET_RESULTS */;
/*!40101 SET COLLATION_CONNECTION=@OLD_COLLATION_CONNECTION */;
